0.01,1,95,2.3376e-09,0,183
0.01,2,384,3.19338e-09,1,182
0.01,3,512,4.33048e-09,1,182
0.01,4,638,6.64333e-09,1,182
0.01,5,800,6.64333e-09,1,182
0.01,6,928,3.19338e-09,1,182
0.01,7,1026,6.64333e-09,1,182
0.01,8,1187,6.64333e-09,1,182
0.01,9,1421,4.33048e-09,1,182
0.01,10,1164,7.61897e-09,1,182
0.01,11,1355,4.49905e-09,1,182
0.01,12,1753,3.19338e-09,1,182
0.01,13,1504,6.64333e-09,1,182
0.01,14,1840,3.19338e-09,1,182
0.01,15,1597,3.19338e-09,1,182
0.01,16,1693,6.64333e-09,1,182
0.01,17,1795,6.48087e-09,1,182
0.01,18,1850,3.19338e-09,1,182
0.01,19,2069,3.19338e-09,1,182
0.01,20,2017,6.64333e-09,1,182
0.01,21,2431,6.64333e-09,1,182
0.01,22,2025,6.64333e-09,1,182
0.01,23,2708,5.30902e-09,1,182
0.01,24,2351,6.64333e-09,1,182
0.01,25,2265,6.64333e-09,1,182
0.01,26,2941,3.19338e-09,1,182
0.01,27,2907,4.49766e-09,1,182
0.01,28,2835,3.19338e-09,1,182
0.01,29,3118,4.55791e-09,1,182
0.02,1,278,2.3686e-08,3,180
0.02,2,492,2.16929e-08,3,180
0.02,3,648,1.16079e-08,3,180
0.02,4,746,9.32952e-09,3,180
0.02,5,1033,1.16436e-08,3,180
0.02,6,1073,9.4917e-09,3,180
0.02,7,873,1.16079e-08,3,180
0.02,8,1148,1.27786e-08,3,180
0.02,9,1222,9.65917e-09,3,180
0.02,10,1672,1.27786e-08,3,180
0.02,11,1447,9.71942e-09,3,180
0.02,12,1397,9.65917e-09,3,180
0.02,13,1564,1.08565e-08,3,180
0.02,14,1603,2.30269e-08,3,180
0.02,15,2167,1.28088e-08,3,180
0.02,16,1710,9.49199e-09,3,180
0.02,17,1826,1.16079e-08,3,180
0.02,18,1799,2.02472e-08,3,180
0.02,19,2140,2.02472e-08,3,180
0.02,20,2300,2.30269e-08,3,180
0.02,21,2311,9.49199e-09,3,180
0.02,22,2315,1.16424e-08,3,180
0.02,23,2283,1.14455e-08,3,180
0.02,24,2427,8.60941e-09,3,180
0.02,25,2620,1.04708e-08,3,180
0.02,26,2954,1.04705e-08,3,180
0.02,27,2732,9.49199e-09,3,180
0.02,28,3052,9.4917e-09,3,180
0.02,29,2649,7.41464e-09,3,180
0.03,1,267,1.20637e-08,5,178
0.03,2,583,2.53118e-08,5,178
0.03,3,539,2.74277e-08,5,178
0.03,4,691,1.25933e-08,5,178
0.03,5,824,1.66076e-08,5,178
0.03,6,889,2.62903e-08,5,178
0.03,7,952,2.3511e-08,5,178
0.03,8,1050,2.98249e-08,5,178
0.03,9,1403,2.62903e-08,5,178
0.03,10,1224,1.8352e-08,5,178
0.03,11,1440,1.4684e-08,5,178
0.03,12,1532,1.33932e-08,5,178
0.03,13,1641,1.4684e-08,5,178
0.03,14,1744,2.9163e-08,5,178
0.03,15,1865,1.6607e-08,5,178
0.03,16,1997,1.21715e-08,5,178
0.03,17,2037,1.6607e-08,5,178
0.03,18,2051,1.77797e-08,5,178
0.03,19,2052,1.48523e-08,5,178
0.03,20,2219,1.4456e-08,5,178
0.03,21,2288,1.4456e-08,5,178
0.03,22,1913,1.00607e-08,5,178
0.03,23,2442,1.57962e-08,5,178
0.03,24,2374,1.2766e-08,5,178
0.03,25,2588,1.39954e-08,5,178
0.03,26,2791,1.6607e-08,5,178
0.03,27,3002,1.48512e-08,5,178
0.03,28,2671,1.6607e-08,5,178
0.03,29,2600,9.60012e-09,5,178
0.04,1,423,2.68276e-08,7,176
0.04,2,539,2.95584e-08,7,176
0.04,3,849,4.05537e-08,7,176
0.04,4,736,1.84139e-08,7,176
0.04,5,742,3.36503e-08,7,176
0.04,6,841,2.57953e-08,7,176
0.04,7,1070,1.96383e-08,7,176
0.04,8,1203,1.73587e-08,7,176
0.04,9,1321,3.78739e-08,7,176
0.04,10,1483,3.53947e-08,7,176
0.04,11,1462,2.29115e-08,7,176
0.04,12,2056,2.2744e-08,7,176
0.04,13,2182,2.2744e-08,7,176
0.04,14,1869,3.28907e-08,7,176
0.04,15,1888,2.41068e-08,7,176
0.04,16,1752,2.4505e-08,7,176
0.04,17,1819,2.23472e-08,7,176
0.04,18,1919,3.1561e-08,7,176
0.04,19,1977,2.37228e-08,7,176
0.04,20,2014,3.4127e-08,7,176
0.04,21,2159,2.08072e-08,7,176
0.04,22,2290,2.01571e-08,7,176
0.04,23,2260,2.13432e-08,7,176
0.04,24,2400,1.97352e-08,7,176
0.04,25,2346,2.68235e-08,7,176
0.04,26,2333,1.2112e-08,7,176
0.04,27,2711,2.37228e-08,7,176
0.04,28,3020,2.76384e-08,7,176
0.04,29,2792,1.2501e-08,7,176
0.05,1,251,2.85208e-08,9,174
0.05,2,567,3.00867e-08,9,174
0.05,3,649,4.51469e-08,9,174
0.05,4,702,3.42337e-08,9,174
0.05,5,833,4.54786e-08,9,174
0.05,6,1015,3.42994e-08,9,174
0.05,7,1051,4.03587e-08,9,174
0.05,8,1248,3.6162e-08,9,174
0.05,9,1254,2.59513e-08,9,174
0.05,10,1337,3.72023e-08,9,174
0.05,11,1534,2.52498e-08,9,174
0.05,12,1703,3.28471e-08,9,174
0.05,13,1818,2.04484e-08,9,174
0.05,14,1729,3.8926e-08,9,174
0.05,15,1565,2.50065e-08,9,174
0.05,16,1647,2.33e-08,9,174
0.05,17,1915,1.91653e-08,9,174
0.05,18,1866,2.98974e-08,9,174
0.05,19,2445,2.65954e-08,9,174
0.05,20,2016,4.12432e-08,9,174
0.05,21,1896,1.63069e-08,9,174
0.05,22,2177,2.83174e-08,9,174
0.05,23,2646,3.95849e-08,9,174
0.05,24,2190,2.42229e-08,9,174
0.05,25,2923,3.09961e-08,9,174
0.05,26,2869,2.79357e-08,9,174
0.05,27,2527,2.44962e-08,9,174
0.05,28,2524,1.74407e-08,9,174
0.05,29,3277,1.76089e-08,9,174
0.06,1,380,3.79898e-08,10,173
0.06,2,373,3.43919e-08,10,173
0.06,3,657,4.26533e-08,10,173
0.06,4,708,4.69818e-08,10,173
0.06,5,684,4.69935e-08,10,173
0.06,6,919,4.65522e-08,10,173
0.06,7,1051,4.88499e-08,10,173
0.06,8,1226,5.24408e-08,10,173
0.06,9,1513,4.82699e-08,10,173
0.06,10,1339,4.76405e-08,10,173
0.06,11,1482,2.92061e-08,10,173
0.06,12,1685,2.48166e-08,10,173
0.06,13,1935,3.01118e-08,10,173
0.06,14,1592,2.52535e-08,10,173
0.06,15,1663,2.21593e-08,10,173
0.06,16,1937,2.24645e-08,10,173
0.06,17,1839,3.84297e-08,10,173
0.06,18,1854,2.59264e-08,10,173
0.06,19,2156,3.63836e-08,10,173
0.06,20,2052,2.15864e-08,10,173
0.06,21,2202,4.15352e-08,10,173
0.06,22,2149,2.86302e-08,10,173
0.06,23,2429,4.00448e-08,10,173
0.06,24,2472,2.27628e-08,10,173
0.06,25,2369,2.80708e-08,10,173
0.06,26,2432,2.36716e-08,10,173
0.06,27,2678,3.93371e-08,10,173
0.06,28,2509,3.63579e-08,10,173
0.06,29,3046,3.56671e-08,10,173
0.07,1,234,2.40064e-08,12,171
0.07,2,436,3.21877e-08,12,171
0.07,3,618,5.96089e-08,12,171
0.07,4,791,5.3777e-08,12,171
0.07,5,904,6.12572e-08,12,171
0.07,6,1024,5.70663e-08,12,171
0.07,7,888,4.36998e-08,12,171
0.07,8,1069,4.52116e-08,12,171
0.07,9,1411,3.28263e-08,12,171
0.07,10,1264,5.42498e-08,12,171
0.07,11,1406,4.28092e-08,12,171
0.07,12,1614,5.56911e-08,12,171
0.07,13,1827,2.79043e-08,12,171
0.07,14,1770,4.5421e-08,12,171
0.07,15,1880,3.75193e-08,12,171
0.07,16,1949,4.05065e-08,12,171
0.07,17,1725,3.71955e-08,12,171
0.07,18,2304,4.04094e-08,12,171
0.07,19,2331,2.47135e-08,12,171
0.07,20,2231,4.71079e-08,12,171
0.07,21,2025,2.38548e-08,12,171
0.07,22,2307,3.44792e-08,12,171
0.07,23,2439,3.48139e-08,12,171
0.07,24,2545,3.41862e-08,12,171
0.07,25,2607,2.96181e-08,12,171
0.07,26,2737,2.16393e-08,12,171
0.07,27,2538,2.39823e-08,12,171
0.07,28,2511,3.72021e-08,12,171
0.07,29,2882,3.36439e-08,12,171
0.08,1,416,4.50296e-08,14,169
0.08,2,403,5.89186e-08,14,169
0.08,3,477,4.96238e-08,14,169
0.08,4,703,6.30656e-08,14,169
0.08,5,1017,4.72303e-08,14,169
0.08,6,838,6.24681e-08,14,169
0.08,7,1107,5.79636e-08,14,169
0.08,8,1347,6.30656e-08,14,169
0.08,9,1276,3.48642e-08,14,169
0.08,10,1406,4.43209e-08,14,169
0.08,11,1565,4.40532e-08,14,169
0.08,12,1373,3.46995e-08,14,169
0.08,13,1490,3.25001e-08,14,169
0.08,14,1649,3.72256e-08,14,169
0.08,15,1756,4.46169e-08,14,169
0.08,16,1761,3.79325e-08,14,169
0.08,17,1853,3.41555e-08,14,169
0.08,18,1915,5.23804e-08,14,169
0.08,19,2073,2.55342e-08,14,169
0.08,20,2173,2.99589e-08,14,169
0.08,21,2151,3.96739e-08,14,169
0.08,22,2246,6.1043e-08,14,169
0.08,23,2068,3.71185e-08,14,169
0.08,24,2189,5.16668e-08,14,169
0.08,25,2513,3.55678e-08,14,169
0.08,26,2619,4.98549e-08,14,169
0.08,27,2508,4.16592e-08,14,169
0.08,28,2699,3.94671e-08,14,169
0.08,29,2641,3.97877e-08,14,169
0.09,1,249,4.56082e-08,16,167
0.09,2,454,6.12032e-08,16,167
0.09,3,624,6.93498e-08,16,167
0.09,4,641,6.04375e-08,16,167
0.09,5,760,7.22519e-08,16,167
0.09,6,900,5.22606e-08,16,167
0.09,7,1096,4.42855e-08,16,167
0.09,8,1253,2.88107e-08,16,167
0.09,9,1372,4.91932e-08,16,167
0.09,10,1476,6.57295e-08,16,167
0.09,11,1398,5.8328e-08,16,167
0.09,12,1376,3.46936e-08,16,167
0.09,13,1705,5.19139e-08,16,167
0.09,14,1873,4.67509e-08,16,167
0.09,15,1819,5.84139e-08,16,167
0.09,16,1989,4.02171e-08,16,167
0.09,17,1840,5.08487e-08,16,167
0.09,18,2133,6.33192e-08,16,167
0.09,19,1983,4.58765e-08,16,167
0.09,20,1956,4.57787e-08,16,167
0.09,21,2320,3.64141e-08,16,167
0.09,22,2297,3.76431e-08,16,167
0.09,23,2320,5.26723e-08,16,167
0.09,24,2652,6.20922e-08,16,167
0.09,25,2533,3.93309e-08,16,167
0.09,26,2363,5.11755e-08,16,167
0.09,27,2689,5.24665e-08,16,167
0.09,28,2848,4.41109e-08,16,167
0.09,29,2914,3.37034e-08,16,167
0.1,1,326,5.22866e-08,18,165
0.1,2,324,6.422e-08,18,165
0.1,3,728,6.00449e-08,18,165
0.1,4,683,7.37355e-08,18,165
0.1,5,741,6.03937e-08,18,165
0.1,6,869,7.76125e-08,18,165
0.1,7,1248,7.74554e-08,18,165
0.1,8,1105,6.478e-08,18,165
0.1,9,1255,6.6173e-08,18,165
0.1,10,1368,6.51445e-08,18,165
0.1,11,1498,4.52224e-08,18,165
0.1,12,1672,5.84896e-08,18,165
0.1,13,1694,6.25829e-08,18,165
0.1,14,1789,5.61703e-08,18,165
0.1,15,1960,6.29644e-08,18,165
0.1,16,1973,6.87489e-08,18,165
0.1,17,2023,6.40686e-08,18,165
0.1,18,1764,6.34989e-08,18,165
0.1,19,2192,6.1594e-08,18,165
0.1,20,2280,6.1594e-08,18,165
0.1,21,2514,6.03937e-08,18,165
0.1,22,2444,6.30734e-08,18,165
0.1,23,2235,6.20945e-08,18,165
0.1,24,2924,6.59356e-08,18,165
0.1,25,2371,4.44001e-08,18,165
0.1,26,2794,6.96499e-08,18,165
0.1,27,2712,4.74804e-08,18,165
0.1,28,2933,3.38142e-08,18,165
0.1,29,3140,5.60015e-08,18,165
0.11,1,279,5.34344e-08,20,163
0.11,2,439,7.00401e-08,20,163
0.11,3,490,7.34317e-08,20,163
0.11,4,624,6.51014e-08,20,163
0.11,5,818,7.34449e-08,20,163
0.11,6,734,6.59721e-08,20,163
0.11,7,1037,5.91333e-08,20,163
0.11,8,1079,8.05106e-08,20,163
0.11,9,1192,7.52923e-08,20,163
0.11,10,1498,6.48031e-08,20,163
0.11,11,1304,7.16514e-08,20,163
0.11,12,1264,5.88269e-08,20,163
0.11,13,1560,6.79846e-08,20,163
0.11,14,1761,6.92105e-08,20,163
0.11,15,1871,6.05739e-08,20,163
0.11,16,1839,6.22027e-08,20,163
0.11,17,2011,5.86814e-08,20,163
0.11,18,1938,7.62556e-08,20,163
0.11,19,1888,7.00224e-08,20,163
0.11,20,1835,6.62032e-08,20,163
0.11,21,2393,4.54681e-08,20,163
0.11,22,2150,7.61246e-08,20,163
0.11,23,2225,7.61246e-08,20,163
0.11,24,2623,6.57176e-08,20,163
0.11,25,2943,6.65811e-08,20,163
0.11,26,2429,5.45044e-08,20,163
0.11,27,2675,6.58764e-08,20,163
0.11,28,2953,5.72184e-08,20,163
0.11,29,2718,6.95933e-08,20,163
0.12,1,206,7.86497e-08,21,162
0.12,2,499,7.06674e-08,21,162
0.12,3,496,7.76157e-08,21,162
0.12,4,590,6.92447e-08,21,162
0.12,5,803,7.64163e-08,21,162
0.12,6,1009,7.10268e-08,21,162
0.12,7,748,7.31062e-08,21,162
0.12,8,966,7.49048e-08,21,162
0.12,9,1421,7.37369e-08,21,162
0.12,10,1538,7.15526e-08,21,162
0.12,11,1639,6.14526e-08,21,162
0.12,12,1647,6.18119e-08,21,162
0.12,13,1782,6.90378e-08,21,162
0.12,14,1593,7.37332e-08,21,162
0.12,15,2263,8.33157e-08,21,162
0.12,16,2080,7.50261e-08,21,162
0.12,17,1764,8.13196e-08,21,162
0.12,18,2199,7.61609e-08,21,162
0.12,19,2172,7.2737e-08,21,162
0.12,20,2420,6.34642e-08,21,162
0.12,21,2415,4.62238e-08,21,162
0.12,22,2122,4.5281e-08,21,162
0.12,23,2128,6.92416e-08,21,162
0.12,24,2615,7.10415e-08,21,162
0.12,25,2353,6.43824e-08,21,162
0.12,26,2627,6.48151e-08,21,162
0.12,27,3346,6.109e-08,21,162
0.12,28,2875,6.86278e-08,21,162
0.12,29,3009,4.31993e-08,21,162
0.13,1,190,5.6759e-08,23,160
0.13,2,574,7.36981e-08,23,160
0.13,3,573,7.83115e-08,23,160
0.13,4,848,7.00644e-08,23,160
0.13,5,868,7.79921e-08,23,160
0.13,6,961,7.30034e-08,23,160
0.13,7,981,7.67675e-08,23,160
0.13,8,1339,7.47558e-08,23,160
0.13,9,1367,7.82253e-08,23,160
0.13,10,1638,8.34817e-08,23,160
0.13,11,1515,8.01041e-08,23,160
0.13,12,1285,7.23733e-08,23,160
0.13,13,1581,6.37531e-08,23,160
0.13,14,1897,8.37773e-08,23,160
0.13,15,1741,7.79714e-08,23,160
0.13,16,1719,5.9281e-08,23,160
0.13,17,2281,7.86676e-08,23,160
0.13,18,1905,7.65154e-08,23,160
0.13,19,2013,7.65154e-08,23,160
0.13,20,2220,7.49753e-08,23,160
0.13,21,2341,7.55459e-08,23,160
0.13,22,2258,6.6169e-08,23,160
0.13,23,2385,7.6189e-08,23,160
0.13,24,2538,7.16425e-08,23,160
0.13,25,2470,6.58619e-08,23,160
0.13,26,2529,7.7239e-08,23,160
0.13,27,3078,7.68612e-08,23,160
0.13,28,2783,7.79921e-08,23,160
0.13,29,2592,7.18915e-08,23,160
0.14,1,267,8.22663e-08,25,158
0.14,2,421,8.21473e-08,25,158
0.14,3,590,7.04095e-08,25,158
0.14,4,815,8.55863e-08,25,158
0.14,5,936,7.69772e-08,25,158
0.14,6,938,8.12556e-08,25,158
0.14,7,886,8.25629e-08,25,158
0.14,8,1271,7.65281e-08,25,158
0.14,9,1264,7.85762e-08,25,158
0.14,10,1713,8.29571e-08,25,158
0.14,11,1358,8.00102e-08,25,158
0.14,12,1699,7.45415e-08,25,158
0.14,13,1668,8.75167e-08,25,158
0.14,14,1661,7.73516e-08,25,158
0.14,15,2005,6.96907e-08,25,158
0.14,16,1830,8.06855e-08,25,158
0.14,17,1947,8.10912e-08,25,158
0.14,18,2130,7.7435e-08,25,158
0.14,19,2000,7.7435e-08,25,158
0.14,20,2248,7.9873e-08,25,158
0.14,21,2045,5.32944e-08,25,158
0.14,22,2252,5.32944e-08,25,158
0.14,23,2453,7.62489e-08,25,158
0.14,24,2228,6.2956e-08,25,158
0.14,25,2519,8.41293e-08,25,158
0.14,26,2511,7.99033e-08,25,158
0.14,27,2869,9.16677e-08,25,158
0.14,28,2708,8.48021e-08,25,158
0.14,29,2620,7.67528e-08,25,158
0.15,1,271,8.51444e-08,27,156
0.15,2,426,8.7553e-08,27,156
0.15,3,622,7.21409e-08,27,156
0.15,4,986,8.33731e-08,27,156
0.15,5,793,8.65257e-08,27,156
0.15,6,970,8.38457e-08,27,156
0.15,7,1121,8.35408e-08,27,156
0.15,8,1314,8.56908e-08,27,156
0.15,9,1403,8.30126e-08,27,156
0.15,10,1692,7.89243e-08,27,156
0.15,11,1515,8.20089e-08,27,156
0.15,12,1497,9.23109e-08,27,156
0.15,13,1634,7.95001e-08,27,156
0.15,14,1853,8.68078e-08,27,156
0.15,15,1865,8.16383e-08,27,156
0.15,16,1725,8.18396e-08,27,156
0.15,17,1804,7.85532e-08,27,156
0.15,18,1936,7.99785e-08,27,156
0.15,19,2281,8.87803e-08,27,156
0.15,20,1942,8.18399e-08,27,156
0.15,21,2226,8.33728e-08,27,156
0.15,22,2002,5.9331e-08,27,156
0.15,23,2209,8.10885e-08,27,156
0.15,24,2435,8.5692e-08,27,156
0.15,25,2399,5.68693e-08,27,156
0.15,26,2577,7.92054e-08,27,156
0.15,27,2694,8.35408e-08,27,156
0.15,28,2720,8.18399e-08,27,156
0.15,29,2648,7.80104e-08,27,156
0.16,1,235,9.03088e-08,29,154
0.16,2,475,8.8936e-08,29,154
0.16,3,724,7.22016e-08,29,154
0.16,4,675,8.7976e-08,29,154
0.16,5,791,8.38888e-08,29,154
0.16,6,1013,8.7976e-08,29,154
0.16,7,913,8.68042e-08,29,154
0.16,8,1147,9.65057e-08,29,154
0.16,9,1207,8.7976e-08,29,154
0.16,10,1416,8.38888e-08,29,154
0.16,11,1457,8.4497e-08,29,154
0.16,12,1587,9.53445e-08,29,154
0.16,13,1439,8.79766e-08,29,154
0.16,14,1672,9.62085e-08,29,154
0.16,15,1776,9.05896e-08,29,154
0.16,16,1522,8.7976e-08,29,154
0.16,17,1795,8.49568e-08,29,154
0.16,18,2295,8.60389e-08,29,154
0.16,19,1993,9.55772e-08,29,154
0.16,20,2157,8.91419e-08,29,154
0.16,21,2142,8.7976e-08,29,154
0.16,22,2541,8.69981e-08,29,154
0.16,23,2420,8.29336e-08,29,154
0.16,24,2785,8.62216e-08,29,154
0.16,25,2383,9.40571e-08,29,154
0.16,26,2857,7.35575e-08,29,154
0.16,27,2762,8.60625e-08,29,154
0.16,28,2899,9.62085e-08,29,154
0.16,29,2924,9.3876e-08,29,154
0.17,1,274,9.01515e-08,31,152
0.17,2,382,9.1504e-08,31,152
0.17,3,499,8.611e-08,31,152
0.17,4,761,9.02605e-08,31,152
0.17,5,720,8.8085e-08,31,152
0.17,6,1091,9.00485e-08,31,152
0.17,7,1086,9.6064e-08,31,152
0.17,8,1354,9.67376e-08,31,152
0.17,9,1171,9.23346e-08,31,152
0.17,10,1451,8.8085e-08,31,152
0.17,11,1614,9.15913e-08,31,152
0.17,12,1509,9.71502e-08,31,152
0.17,13,1848,9.71502e-08,31,152
0.17,14,1869,9.64915e-08,31,152
0.17,15,1849,9.6625e-08,31,152
0.17,16,1571,9.041e-08,31,152
0.17,17,1684,8.8085e-08,31,152
0.17,18,1619,9.00244e-08,31,152
0.17,19,2294,9.21763e-08,31,152
0.17,20,2246,9.01922e-08,31,152
0.17,21,1944,9.13066e-08,31,152
0.17,22,2587,9.0184e-08,31,152
0.17,23,2487,9.5447e-08,31,152
0.17,24,2283,9.294e-08,31,152
0.17,25,2343,9.67925e-08,31,152
0.17,26,2717,9.1157e-08,31,152
0.17,27,2860,8.90695e-08,31,152
0.17,28,2798,9.42258e-08,31,152
0.17,29,2968,8.90109e-08,31,152
0.18,1,295,9.80744e-08,32,151
0.18,2,438,7.86388e-08,32,151
0.18,3,547,8.85463e-08,32,151
0.18,4,580,8.83536e-08,32,151
0.18,5,700,8.8137e-08,32,151
0.18,6,855,9.35909e-08,32,151
0.18,7,1019,9.38592e-08,32,151
0.18,8,1237,9.06035e-08,32,151
0.18,9,1345,8.93336e-08,32,151
0.18,10,1166,9.74783e-08,32,151
0.18,11,1580,9.05218e-08,32,151
0.18,12,1508,9.74422e-08,32,151
0.18,13,1355,9.24125e-08,32,151
0.18,14,1606,9.21845e-08,32,151
0.18,15,1935,9.70845e-08,32,151
0.18,16,1625,8.91953e-08,32,151
0.18,17,2116,9.10565e-08,32,151
0.18,18,1990,9.23536e-08,32,151
0.18,19,2196,9.5148e-08,32,151
0.18,20,2226,9.37574e-08,32,151
0.18,21,2182,9.56057e-08,32,151
0.18,22,2317,9.29961e-08,32,151
0.18,23,2378,8.69842e-08,32,151
0.18,24,2209,9.84032e-08,32,151
0.18,25,2436,9.4422e-08,32,151
0.18,26,2684,9.75085e-08,32,151
0.18,27,2684,9.4272e-08,32,151
0.18,28,2539,9.94228e-08,32,151
0.18,29,2543,9.29173e-08,32,151
0.19,1,272,9.69445e-08,34,149
0.19,2,344,8.83101e-08,34,149
0.19,3,748,9.03463e-08,34,149
0.19,4,597,8.89291e-08,34,149
0.19,5,739,9.3101e-08,34,149
0.19,6,1016,9.27231e-08,34,149
0.19,7,1027,1.03044e-07,34,149
0.19,8,956,1.01465e-07,34,149
0.19,9,1346,9.75414e-08,34,149
0.19,10,1066,9.75357e-08,34,149
0.19,11,1601,9.46268e-08,34,149
0.19,12,1290,9.27231e-08,34,149
0.19,13,1569,9.77903e-08,34,149
0.19,14,1476,9.98864e-08,34,149
0.19,15,2110,9.64936e-08,34,149
0.19,16,1841,1.01406e-07,34,149
0.19,17,2062,9.52529e-08,34,149
0.19,18,1953,9.71935e-08,34,149
0.19,19,2125,9.47344e-08,34,149
0.19,20,2235,9.46569e-08,34,149
0.19,21,2292,9.3101e-08,34,149
0.19,22,2667,9.32664e-08,34,149
0.19,23,2237,1.04503e-07,34,149
0.19,24,2188,9.94258e-08,34,149
0.19,25,2784,9.71684e-08,34,149
0.19,26,2574,6.53827e-08,34,149
0.19,27,2512,9.71935e-08,34,149
0.19,28,3580,7.26821e-08,34,149
0.19,29,3207,9.27249e-08,34,149
0.2,1,344,9.96048e-08,36,147
0.2,2,367,9.35866e-08,36,147
0.2,3,839,9.39765e-08,36,147
0.2,4,746,9.18608e-08,36,147
0.2,5,741,9.33772e-08,36,147
0.2,6,971,9.35847e-08,36,147
0.2,7,950,1.03156e-07,36,147
0.2,8,1050,9.62634e-08,36,147
0.2,9,1587,9.8244e-08,36,147
0.2,10,2006,9.98485e-08,36,147
0.2,11,2022,9.46279e-08,36,147
0.2,12,1891,9.80605e-08,36,147
0.2,13,1944,9.80605e-08,36,147
0.2,14,2089,1.11932e-07,36,147
0.2,15,2280,1.03798e-07,36,147
0.2,16,2187,1.09294e-07,36,147
0.2,17,2007,1.04679e-07,36,147
0.2,18,2698,9.33782e-08,36,147
0.2,19,2646,9.48273e-08,36,147
0.2,20,2947,9.48273e-08,36,147
0.2,21,3308,1.06945e-07,36,147
0.2,22,3189,9.73639e-08,36,147
0.2,23,2926,1.04737e-07,36,147
0.2,24,2566,9.80605e-08,36,147
0.2,25,3075,1.05328e-07,36,147
0.2,26,3581,9.9358e-08,36,147
0.2,27,2976,1.04193e-07,36,147
0.2,28,3781,1.02613e-07,36,147
0.2,29,3836,1.03802e-07,36,147
0.21,1,298,9.97097e-08,38,145
0.21,2,510,9.58595e-08,38,145
0.21,3,636,9.52044e-08,38,145
0.21,4,699,9.23346e-08,38,145
0.21,5,944,9.37047e-08,38,145
0.21,6,877,9.93191e-08,38,145
0.21,7,1042,9.80697e-08,38,145
0.21,8,1178,1.01883e-07,38,145
0.21,9,1241,9.85687e-08,38,145
0.21,10,1325,1.02004e-07,38,145
0.21,11,1621,1.02356e-07,38,145
0.21,12,1712,9.82712e-08,38,145
0.21,13,1926,1.01744e-07,38,145
0.21,14,2160,1.05658e-07,38,145
0.21,15,2150,1.01372e-07,38,145
0.21,16,1934,1.06011e-07,38,145
0.21,17,2386,9.80686e-08,38,145
0.21,18,2341,9.78482e-08,38,145
0.21,19,2334,9.85303e-08,38,145
0.21,20,2097,1.13132e-07,38,145
0.21,21,2222,1.08186e-07,38,145
0.21,22,2322,1.05327e-07,38,145
0.21,23,2337,1.01994e-07,38,145
0.21,24,2350,1.05308e-07,38,145
0.21,25,2542,1.09765e-07,38,145
0.21,26,3209,1.12942e-07,38,145
0.21,27,2539,1.06489e-07,38,145
0.21,28,2734,1.02875e-07,38,145
0.21,29,3103,1.09206e-07,38,145
0.22,1,259,1.05744e-07,40,143
0.22,2,333,1.0121e-07,40,143
0.22,3,682,9.58804e-08,40,143
0.22,4,781,9.81068e-08,40,143
0.22,5,1043,9.5672e-08,40,143
0.22,6,854,9.86894e-08,40,143
0.22,7,1094,9.94894e-08,40,143
0.22,8,1373,9.86736e-08,40,143
0.22,9,1351,1.03393e-07,40,143
0.22,10,1266,9.96705e-08,40,143
0.22,11,1467,1.05888e-07,40,143
0.22,12,1341,9.8199e-08,40,143
0.22,13,1742,1.05547e-07,40,143
0.22,14,1682,1.11935e-07,40,143
0.22,15,1565,1.07322e-07,40,143
0.22,16,1890,9.81697e-08,40,143
0.22,17,1871,9.51356e-08,40,143
0.22,18,2083,1.03413e-07,40,143
0.22,19,2056,1.13449e-07,40,143
0.22,20,1914,1.12502e-07,40,143
0.22,21,2036,1.06854e-07,40,143
0.22,22,2543,1.02541e-07,40,143
0.22,23,2518,1.08164e-07,40,143
0.22,24,3128,1.12786e-07,40,143
0.22,25,2466,1.12084e-07,40,143
0.22,26,2475,1.07696e-07,40,143
0.22,27,2652,1.06677e-07,40,143
0.22,28,2738,1.10065e-07,40,143
0.22,29,3322,1.11925e-07,40,143
0.23,1,232,1.07718e-07,42,141
0.23,2,450,1.05596e-07,42,141
0.23,3,633,9.90329e-08,42,141
0.23,4,727,9.86855e-08,42,141
0.23,5,870,1.04293e-07,42,141
0.23,6,1170,1.06291e-07,42,141
0.23,7,1086,1.04455e-07,42,141
0.23,8,1226,1.00648e-07,42,141
0.23,9,1470,1.08742e-07,42,141
0.23,10,1359,1.05443e-07,42,141
0.23,11,1647,1.02954e-07,42,141
0.23,12,1983,1.03338e-07,42,141
0.23,13,1602,1.12117e-07,42,141
0.23,14,1331,1.02935e-07,42,141
0.23,15,1689,1.06527e-07,42,141
0.23,16,1697,1.08241e-07,42,141
0.23,17,1855,1.08241e-07,42,141
0.23,18,1719,1.10975e-07,42,141
0.23,19,2121,1.01217e-07,42,141
0.23,20,2084,1.10975e-07,42,141
0.23,21,2422,1.057e-07,42,141
0.23,22,2461,1.20266e-07,42,141
0.23,23,2356,1.14341e-07,42,141
0.23,24,2592,1.11196e-07,42,141
0.23,25,2501,1.11402e-07,42,141
0.23,26,2365,1.10975e-07,42,141
0.23,27,2978,1.00873e-07,42,141
0.23,28,2651,1.21146e-07,42,141
0.23,29,3135,1.08116e-07,42,141
0.24,1,268,1.0801e-07,43,140
0.24,2,488,1.05471e-07,43,140
0.24,3,700,1.00239e-07,43,140
0.24,4,1073,9.94828e-08,43,140
0.24,5,973,1.03017e-07,43,140
0.24,6,1077,9.90119e-08,43,140
0.24,7,1189,9.83555e-08,43,140
0.24,8,1403,1.00777e-07,43,140
0.24,9,1385,1.0537e-07,43,140
0.24,10,1504,1.04589e-07,43,140
0.24,11,1466,1.03394e-07,43,140
0.24,12,1820,1.02031e-07,43,140
0.24,13,1980,1.10596e-07,43,140
0.24,14,1843,1.18347e-07,43,140
0.24,15,1938,1.0669e-07,43,140
0.24,16,2533,1.09618e-07,43,140
0.24,17,2252,1.06751e-07,43,140
0.24,18,2271,1.11592e-07,43,140
0.24,19,2246,1.16004e-07,43,140
0.24,20,2981,1.04102e-07,43,140
0.24,21,3392,1.04727e-07,43,140
0.24,22,2780,1.10919e-07,43,140
0.24,23,2560,1.1081e-07,43,140
0.24,24,3017,1.05528e-07,43,140
0.24,25,3090,1.10002e-07,43,140
0.24,26,2762,1.14118e-07,43,140
0.24,27,2352,1.14726e-07,43,140
0.24,28,2804,1.18521e-07,43,140
0.24,29,2944,1.19062e-07,43,140
0.25,1,291,1.11043e-07,45,138
0.25,2,436,1.0589e-07,45,138
0.25,3,620,1.03977e-07,45,138
0.25,4,768,9.97888e-08,45,138
0.25,5,869,1.01304e-07,45,138
0.25,6,1035,1.06564e-07,45,138
0.25,7,1287,1.03653e-07,45,138
0.25,8,1266,1.1083e-07,45,138
0.25,9,1434,9.02209e-08,45,138
0.25,10,1699,1.08966e-07,45,138
0.25,11,1732,1.00199e-07,45,138
0.25,12,1677,1.05442e-07,45,138
0.25,13,1725,1.13233e-07,45,138
0.25,14,1741,1.05736e-07,45,138
0.25,15,1906,1.08353e-07,45,138
0.25,16,1887,1.11132e-07,45,138
0.25,17,1792,1.11132e-07,45,138
0.25,18,2120,1.12083e-07,45,138
0.25,19,2108,1.01575e-07,45,138
0.25,20,2126,1.2167e-07,45,138
0.25,21,2031,1.05039e-07,45,138
0.25,22,2083,9.97118e-08,45,138
0.25,23,2214,1.01463e-07,45,138
0.25,24,2631,1.0733e-07,45,138
0.25,25,2642,1.17774e-07,45,138
0.25,26,2741,1.20205e-07,45,138
0.25,27,2357,1.14884e-07,45,138
0.25,28,2612,1.11773e-07,45,138
0.25,29,2925,1.2403e-07,45,138
0.26,1,298,1.14631e-07,47,136
0.26,2,461,1.06673e-07,47,136
0.26,3,521,1.10362e-07,47,136
0.26,4,674,1.0016e-07,47,136
0.26,5,910,1.0316e-07,47,136
0.26,6,814,1.09874e-07,47,136
0.26,7,1179,1.09749e-07,47,136
0.26,8,1119,1.00958e-07,47,136
0.26,9,1149,1.15994e-07,47,136
0.26,10,1451,1.23519e-07,47,136
0.26,11,1718,1.00516e-07,47,136
0.26,12,1541,1.05646e-07,47,136
0.26,13,1722,1.14143e-07,47,136
0.26,14,1432,1.18214e-07,47,136
0.26,15,1544,1.07776e-07,47,136
0.26,16,1764,1.11345e-07,47,136
0.26,17,2093,1.17158e-07,47,136
0.26,18,2196,1.12389e-07,47,136
0.26,19,2024,1.07218e-07,47,136
0.26,20,2141,1.09728e-07,47,136
0.26,21,2326,1.11738e-07,47,136
0.26,22,2004,1.15954e-07,47,136
0.26,23,2741,1.22612e-07,47,136
0.26,24,2330,1.15919e-07,47,136
0.26,25,2229,1.26958e-07,47,136
0.26,26,2255,1.24312e-07,47,136
0.26,27,2431,1.29506e-07,47,136
0.26,28,3051,1.17562e-07,47,136
0.26,29,3103,1.16607e-07,47,136
0.27,1,334,1.20667e-07,49,134
0.27,2,433,1.07068e-07,49,134
0.27,3,586,1.02186e-07,49,134
0.27,4,699,1.03458e-07,49,134
0.27,5,784,1.07556e-07,49,134
0.27,6,920,1.01043e-07,49,134
0.27,7,984,1.05272e-07,49,134
0.27,8,1325,1.00286e-07,49,134
0.27,9,1438,1.05337e-07,49,134
0.27,10,1409,1.17016e-07,49,134
0.27,11,1935,1.00989e-07,49,134
0.27,12,1702,1.02917e-07,49,134
0.27,13,1296,1.14449e-07,49,134
0.27,14,1517,1.08798e-07,49,134
0.27,15,1642,1.28001e-07,49,134
0.27,16,1776,1.2047e-07,49,134
0.27,17,1899,1.17405e-07,49,134
0.27,18,1896,1.1985e-07,49,134
0.27,19,1968,1.06716e-07,49,134
0.27,20,2135,1.1567e-07,49,134
0.27,21,1992,1.20062e-07,49,134
0.27,22,2236,1.08152e-07,49,134
0.27,23,2521,1.19543e-07,49,134
0.27,24,2349,1.16398e-07,49,134
0.27,25,2529,1.17374e-07,49,134
0.27,26,2449,1.25268e-07,49,134
0.27,27,2540,1.19627e-07,49,134
0.27,28,2745,1.25269e-07,49,134
0.27,29,2746,1.21921e-07,49,134
0.28,1,281,1.21587e-07,51,132
0.28,2,518,1.16031e-07,51,132
0.28,3,592,1.05865e-07,51,132
0.28,4,722,1.08215e-07,51,132
0.28,5,861,1.1184e-07,51,132
0.28,6,1022,1.07444e-07,51,132
0.28,7,1175,1.05782e-07,51,132
0.28,8,1111,1.095e-07,51,132
0.28,9,1315,1.05814e-07,51,132
0.28,10,1484,1.14228e-07,51,132
0.28,11,1478,1.05725e-07,51,132
0.28,12,1348,1.16736e-07,51,132
0.28,13,1691,1.16736e-07,51,132
0.28,14,1798,1.21506e-07,51,132
0.28,15,2197,1.2172e-07,51,132
0.28,16,2058,1.27474e-07,51,132
0.28,17,1907,1.17532e-07,51,132
0.28,18,1957,1.10127e-07,51,132
0.28,19,2014,1.10602e-07,51,132
0.28,20,2260,1.18579e-07,51,132
0.28,21,1898,1.25113e-07,51,132
0.28,22,2332,1.21853e-07,51,132
0.28,23,2449,1.2507e-07,51,132
0.28,24,2449,1.30027e-07,51,132
0.28,25,2367,1.28671e-07,51,132
0.28,26,2425,8.98863e-08,51,132
0.28,27,2986,1.3556e-07,51,132
0.28,28,3135,1.26042e-07,51,132
0.28,29,2540,1.15096e-07,51,132
0.29,1,252,1.21587e-07,51,132
0.29,2,511,1.10289e-07,51,132
0.29,3,519,1.05865e-07,51,132
0.29,4,680,1.18312e-07,51,132
0.29,5,962,1.03023e-07,51,132
0.29,6,936,1.0444e-07,51,132
0.29,7,1016,1.14196e-07,51,132
0.29,8,1391,1.06197e-07,51,132
0.29,9,1423,1.05782e-07,51,132
0.29,10,1632,1.19098e-07,51,132
0.29,11,1634,1.15741e-07,51,132
0.29,12,1543,1.16748e-07,51,132
0.29,13,1514,1.21672e-07,51,132
0.29,14,1574,1.22769e-07,51,132
0.29,15,1721,1.27462e-07,51,132
0.29,16,1675,1.23768e-07,51,132
0.29,17,1920,1.17625e-07,51,132
0.29,18,1754,1.22458e-07,51,132
0.29,19,1836,1.25113e-07,51,132
0.29,20,1819,1.17389e-07,51,132
0.29,21,2060,1.22243e-07,51,132
0.29,22,2530,1.2596e-07,51,132
0.29,23,2354,1.17344e-07,51,132
0.29,24,2625,1.22537e-07,51,132
0.29,25,2833,1.29229e-07,51,132
0.29,26,2295,1.302e-07,51,132
0.29,27,2992,1.33569e-07,51,132
0.29,28,2846,1.20048e-07,51,132
0.29,29,3412,1.21118e-07,51,132
0.3,1,362,1.25508e-07,54,129
0.3,2,432,1.11307e-07,54,129
0.3,3,799,1.197e-07,54,129
0.3,4,677,1.18496e-07,54,129
0.3,5,911,1.19723e-07,54,129
0.3,6,902,1.08737e-07,54,129
0.3,7,982,1.08755e-07,54,129
0.3,8,1009,1.26803e-07,54,129
0.3,9,1388,1.15712e-07,54,129
0.3,10,1351,1.13951e-07,54,129
0.3,11,1334,1.15356e-07,54,129
0.3,12,1510,1.16612e-07,54,129
0.3,13,1595,1.19488e-07,54,129
0.3,14,1638,1.27739e-07,54,129
0.3,15,1452,1.30206e-07,54,129
0.3,16,1608,1.28632e-07,54,129
0.3,17,2003,1.11805e-07,54,129
0.3,18,1954,1.22865e-07,54,129
0.3,19,2131,1.31164e-07,54,129
0.3,20,2518,1.2294e-07,54,129
0.3,21,2284,1.34e-07,54,129
0.3,22,2232,1.38329e-07,54,129
0.3,23,2591,1.39458e-07,54,129
0.3,24,2244,1.2312e-07,54,129
0.3,25,2127,1.22806e-07,54,129
0.3,26,2674,1.13573e-07,54,129
0.3,27,2317,1.27362e-07,54,129
0.3,28,2680,1.22907e-07,54,129
0.3,29,2508,1.2845e-07,54,129
0.31,1,270,1.25869e-07,56,127
0.31,2,411,1.20534e-07,56,127
0.31,3,424,1.19701e-07,56,127
0.31,4,720,1.28985e-07,56,127
0.31,5,792,1.19917e-07,56,127
0.31,6,945,1.21296e-07,56,127
0.31,7,895,1.09706e-07,56,127
0.31,8,1065,1.13012e-07,56,127
0.31,9,1171,1.16111e-07,56,127
0.31,10,1205,1.12275e-07,56,127
0.31,11,1583,1.17715e-07,56,127
0.31,12,1393,1.16982e-07,56,127
0.31,13,1407,1.20694e-07,56,127
0.31,14,1431,1.26072e-07,56,127
0.31,15,1540,1.30488e-07,56,127
0.31,16,2050,1.23444e-07,56,127
0.31,17,1794,1.23152e-07,56,127
0.31,18,1903,1.18384e-07,56,127
0.31,19,2092,1.19073e-07,56,127
0.31,20,2257,1.18645e-07,56,127
0.31,21,2140,1.13976e-07,56,127
0.31,22,2403,1.29141e-07,56,127
0.31,23,2741,1.18455e-07,56,127
0.31,24,2375,1.16745e-07,56,127
0.31,25,2499,1.12504e-07,56,127
0.31,26,2462,1.22346e-07,56,127
0.31,27,3109,1.15237e-07,56,127
0.31,28,3091,1.34845e-07,56,127
0.31,29,2727,1.28849e-07,56,127
0.32,1,270,1.26515e-07,58,125
0.32,2,385,1.21763e-07,58,125
0.32,3,701,1.22578e-07,58,125
0.32,4,749,1.19137e-07,58,125
0.32,5,927,1.35366e-07,58,125
0.32,6,1179,1.4108e-07,58,125
0.32,7,1075,1.13471e-07,58,125
0.32,8,1024,1.08603e-07,58,125
0.32,9,1231,1.39522e-07,58,125
0.32,10,1143,1.2024e-07,58,125
0.32,11,1351,1.23371e-07,58,125
0.32,12,1697,1.2512e-07,58,125
0.32,13,1513,1.22321e-07,58,125
0.32,14,1629,1.33814e-07,58,125
0.32,15,1565,1.51048e-07,58,125
0.32,16,1777,1.24204e-07,58,125
0.32,17,1681,1.26815e-07,58,125
0.32,18,2145,1.19729e-07,58,125
0.32,19,1984,1.24595e-07,58,125
0.32,20,1890,1.25033e-07,58,125
0.32,21,2217,1.12007e-07,58,125
0.32,22,2468,1.38625e-07,58,125
0.32,23,2412,1.31466e-07,58,125
0.32,24,2228,1.17666e-07,58,125
0.32,25,2707,1.24217e-07,58,125
0.32,26,2368,1.31193e-07,58,125
0.32,27,2396,1.25885e-07,58,125
0.32,28,2589,1.12735e-07,58,125
0.32,29,2424,1.20278e-07,58,125
0.33,1,225,1.26821e-07,60,123
0.33,2,447,1.2209e-07,60,123
0.33,3,828,1.22196e-07,60,123
0.33,4,755,1.21893e-07,60,123
0.33,5,754,1.42893e-07,60,123
0.33,6,898,1.41569e-07,60,123
0.33,7,1264,1.14342e-07,60,123
0.33,8,1040,1.14744e-07,60,123
0.33,9,1409,1.22817e-07,60,123
0.33,10,1249,1.24134e-07,60,123
0.33,11,1435,1.25525e-07,60,123
0.33,12,1466,1.20062e-07,60,123
0.33,13,1395,1.28603e-07,60,123
0.33,14,1630,1.46364e-07,60,123
0.33,15,1736,1.51957e-07,60,123
0.33,16,1638,1.25455e-07,60,123
0.33,17,1913,1.17862e-07,60,123
0.33,18,1799,1.22623e-07,60,123
0.33,19,1880,1.24853e-07,60,123
0.33,20,1972,1.44418e-07,60,123
0.33,21,2535,1.44281e-07,60,123
0.33,22,3049,1.14651e-07,60,123
0.33,23,2418,1.24715e-07,60,123
0.33,24,2364,1.26769e-07,60,123
0.33,25,2367,1.32136e-07,60,123
0.33,26,2761,1.39278e-07,60,123
0.33,27,3483,1.30574e-07,60,123
0.33,28,3089,1.42425e-07,60,123
0.33,29,3229,1.25809e-07,60,123
0.34,1,270,1.29303e-07,62,121
0.34,2,429,1.2251e-07,62,121
0.34,3,769,1.25081e-07,62,121
0.34,4,737,1.22841e-07,62,121
0.34,5,925,1.17516e-07,62,121
0.34,6,871,1.26347e-07,62,121
0.34,7,886,1.27128e-07,62,121
0.34,8,1084,1.09473e-07,62,121
0.34,9,1155,1.32371e-07,62,121
0.34,10,1208,1.43931e-07,62,121
0.34,11,1260,1.23525e-07,62,121
0.34,12,1215,1.1862e-07,62,121
0.34,13,1424,1.26289e-07,62,121
0.34,14,1862,1.52654e-07,62,121
0.34,15,1740,1.30491e-07,62,121
0.34,16,1692,1.27989e-07,62,121
0.34,17,1875,1.19789e-07,62,121
0.34,18,2036,1.48204e-07,62,121
0.34,19,1847,1.27705e-07,62,121
0.34,20,1938,1.34797e-07,62,121
0.34,21,1900,1.34464e-07,62,121
0.34,22,2281,1.4382e-07,62,121
0.34,23,2236,1.19077e-07,62,121
0.34,24,2005,1.16821e-07,62,121
0.34,25,3273,1.46159e-07,62,121
0.34,26,2610,1.42465e-07,62,121
0.34,27,2566,1.32023e-07,62,121
0.34,28,2696,1.49467e-07,62,121
0.34,29,2659,1.36128e-07,62,121
0.35,1,225,1.33849e-07,64,119
0.35,2,449,1.44105e-07,64,119
0.35,3,705,1.24015e-07,64,119
0.35,4,882,1.23967e-07,64,119
0.35,5,989,1.25283e-07,64,119
0.35,6,875,1.31814e-07,64,119
0.35,7,1065,1.38196e-07,64,119
0.35,8,1152,1.47251e-07,64,119
0.35,9,1825,1.36362e-07,64,119
0.35,10,1720,1.21404e-07,64,119
0.35,11,1869,1.24142e-07,64,119
0.35,12,2048,1.27967e-07,64,119
0.35,13,2210,1.49716e-07,64,119
0.35,14,1818,1.53528e-07,64,119
0.35,15,2069,1.31812e-07,64,119
0.35,16,2579,1.31812e-07,64,119
0.35,17,2467,1.34678e-07,64,119
0.35,18,2415,1.30011e-07,64,119
0.35,19,3046,1.3555e-07,64,119
0.35,20,3520,1.50631e-07,64,119
0.35,21,3414,1.26031e-07,64,119
0.35,22,3693,1.33985e-07,64,119
0.35,23,3235,1.49381e-07,64,119
0.35,24,3461,1.52458e-07,64,119
0.35,25,4075,1.57258e-07,64,119
0.35,26,3850,1.24503e-07,64,119
0.35,27,3386,1.39464e-07,64,119
0.35,28,3204,1.26393e-07,64,119
0.35,29,3431,1.30762e-07,64,119
0.36,1,407,1.34218e-07,65,118
0.36,2,579,1.46274e-07,65,118
0.36,3,659,1.44767e-07,65,118
0.36,4,1103,1.23379e-07,65,118
0.36,5,1087,1.28147e-07,65,118
0.36,6,1188,1.26757e-07,65,118
0.36,7,1386,1.46023e-07,65,118
0.36,8,1465,1.32848e-07,65,118
0.36,9,1451,1.42306e-07,65,118
0.36,10,1789,1.2981e-07,65,118
0.36,11,1871,1.19904e-07,65,118
0.36,12,2038,1.28897e-07,65,118
0.36,13,2165,1.28897e-07,65,118
0.36,14,2245,1.53644e-07,65,118
0.36,15,2367,1.34721e-07,65,118
0.36,16,2263,1.34721e-07,65,118
0.36,17,2678,1.31586e-07,65,118
0.36,18,2738,1.31586e-07,65,118
0.36,19,2489,1.37643e-07,65,118
0.36,20,2862,1.38313e-07,65,118
0.36,21,2971,1.49971e-07,65,118
0.36,22,3266,1.21617e-07,65,118
0.36,23,2885,1.51582e-07,65,118
0.36,24,3082,1.44054e-07,65,118
0.36,25,2578,1.26835e-07,65,118
0.36,26,2698,1.37337e-07,65,118
0.36,27,2618,1.25059e-07,65,118
0.36,28,2453,1.57625e-07,65,118
0.36,29,2878,1.40129e-07,65,118
0.37,1,305,1.37762e-07,67,116
0.37,2,404,1.41241e-07,67,116
0.37,3,511,1.45094e-07,67,116
0.37,4,691,1.25005e-07,67,116
0.37,5,652,1.30802e-07,67,116
0.37,6,817,1.27736e-07,67,116
0.37,7,1097,1.46072e-07,67,116
0.37,8,1332,1.22363e-07,67,116
0.37,9,1313,1.52263e-07,67,116
0.37,10,1499,1.40233e-07,67,116
0.37,11,1612,1.31338e-07,67,116
0.37,12,1504,1.28899e-07,67,116
0.37,13,1492,1.56879e-07,67,116
0.37,14,1394,1.59972e-07,67,116
0.37,15,1689,1.28915e-07,67,116
0.37,16,1703,1.38055e-07,67,116
0.37,17,2670,1.27489e-07,67,116
0.37,18,2730,1.32454e-07,67,116
0.37,19,2487,1.26285e-07,67,116
0.37,20,2431,1.35793e-07,67,116
0.37,21,2499,1.53886e-07,67,116
0.37,22,2523,1.31724e-07,67,116
0.37,23,2613,1.3784e-07,67,116
0.37,24,2904,1.28866e-07,67,116
0.37,25,2787,1.48566e-07,67,116
0.37,26,2855,1.58095e-07,67,116
0.37,27,3107,1.31356e-07,67,116
0.37,28,3081,1.28962e-07,67,116
0.37,29,3622,1.45631e-07,67,116
0.38,1,200,1.40155e-07,69,114
0.38,2,501,1.35588e-07,69,114
0.38,3,619,1.57409e-07,69,114
0.38,4,629,1.26441e-07,69,114
0.38,5,893,1.2926e-07,69,114
0.38,6,864,1.29605e-07,69,114
0.38,7,1033,1.49237e-07,69,114
0.38,8,1083,1.47432e-07,69,114
0.38,9,1361,1.48986e-07,69,114
0.38,10,1195,1.4902e-07,69,114
0.38,11,1556,1.32169e-07,69,114
0.38,12,1775,1.53029e-07,69,114
0.38,13,1890,1.60124e-07,69,114
0.38,14,1835,1.60183e-07,69,114
0.38,15,2091,1.36386e-07,69,114
0.38,16,2087,1.346e-07,69,114
0.38,17,2399,1.37584e-07,69,114
0.38,18,2694,1.45707e-07,69,114
0.38,19,2996,1.3932e-07,69,114
0.38,20,3088,1.42489e-07,69,114
0.38,21,2738,1.47847e-07,69,114
0.38,22,2833,1.47847e-07,69,114
0.38,23,3304,1.53831e-07,69,114
0.38,24,3244,1.53831e-07,69,114
0.38,25,3316,1.53831e-07,69,114
0.38,26,3062,1.53831e-07,69,114
0.38,27,3345,1.53831e-07,69,114
0.38,28,2913,1.43389e-07,69,114
0.38,29,3021,1.42976e-07,69,114
0.39,1,331,1.43523e-07,71,112
0.39,2,593,1.44673e-07,71,112
0.39,3,542,1.5281e-07,71,112
0.39,4,848,1.24662e-07,71,112
0.39,5,959,1.32882e-07,71,112
0.39,6,929,1.28764e-07,71,112
0.39,7,1323,1.48443e-07,71,112
0.39,8,1407,1.6059e-07,71,112
0.39,9,1271,1.53296e-07,71,112
0.39,10,1430,1.52222e-07,71,112
0.39,11,1454,1.32592e-07,71,112
0.39,12,1744,1.36027e-07,71,112
0.39,13,1735,1.61678e-07,71,112
0.39,14,1654,1.37914e-07,71,112
0.39,15,1906,1.37269e-07,71,112
0.39,16,2119,1.41854e-07,71,112
0.39,17,1856,1.36956e-07,71,112
0.39,18,1691,1.4504e-07,71,112
0.39,19,1965,1.34293e-07,71,112
0.39,20,2026,1.52257e-07,71,112
0.39,21,1980,1.42423e-07,71,112
0.39,22,2145,1.57063e-07,71,112
0.39,23,2577,1.40417e-07,71,112
0.39,24,2266,1.4879e-07,71,112
0.39,25,2496,1.31352e-07,71,112
0.39,26,2630,1.48123e-07,71,112
0.39,27,2364,1.40871e-07,71,112
0.39,28,3093,1.51082e-07,71,112
0.39,29,3899,1.48682e-07,71,112
0.4,1,289,1.47549e-07,73,110
0.4,2,595,1.4569e-07,73,110
0.4,3,758,1.63893e-07,73,110
0.4,4,924,1.22604e-07,73,110
0.4,5,1080,1.57632e-07,73,110
0.4,6,1172,1.31928e-07,73,110
0.4,7,1315,1.52825e-07,73,110
0.4,8,1455,1.61817e-07,73,110
0.4,9,1572,1.53252e-07,73,110
0.4,10,1560,1.3832e-07,73,110
0.4,11,1629,1.55064e-07,73,110
0.4,12,1736,1.59227e-07,73,110
0.4,13,1805,1.65507e-07,73,110
0.4,14,2100,1.40463e-07,73,110
0.4,15,2402,1.40663e-07,73,110
0.4,16,2421,1.3772e-07,73,110
0.4,17,2408,1.39836e-07,73,110
0.4,18,2551,1.45495e-07,73,110
0.4,19,2733,1.48236e-07,73,110
0.4,20,2763,1.48236e-07,73,110
0.4,21,2690,1.33158e-07,73,110
0.4,22,3181,1.52577e-07,73,110
0.4,23,3163,1.54322e-07,73,110
0.4,24,3377,1.44759e-07,73,110
0.4,25,3337,1.36629e-07,73,110
0.4,26,3160,1.42335e-07,73,110
0.4,27,2950,1.35847e-07,73,110
0.4,28,3525,1.43607e-07,73,110
0.4,29,3411,1.43123e-07,73,110
0.41,1,268,1.49038e-07,75,108
0.41,2,632,1.46411e-07,75,108
0.41,3,603,1.65299e-07,75,108
0.41,4,781,1.29378e-07,75,108
0.41,5,878,1.56712e-07,75,108
0.41,6,1100,1.30635e-07,75,108
0.41,7,1195,1.36173e-07,75,108
0.41,8,951,1.4227e-07,75,108
0.41,9,1206,1.61586e-07,75,108
0.41,10,1519,1.39543e-07,75,108
0.41,11,1584,1.45538e-07,75,108
0.41,12,1503,1.68203e-07,75,108
0.41,13,1375,1.68986e-07,75,108
0.41,14,1555,1.43777e-07,75,108
0.41,15,1474,1.37162e-07,75,108
0.41,16,1743,1.43391e-07,75,108
0.41,17,2187,1.46584e-07,75,108
0.41,18,2076,1.45183e-07,75,108
0.41,19,2205,1.57467e-07,75,108
0.41,20,2001,1.49774e-07,75,108
0.41,21,2034,1.61799e-07,75,108
0.41,22,2161,1.41853e-07,75,108
0.41,23,2599,1.56526e-07,75,108
0.41,24,3130,1.66292e-07,75,108
0.41,25,2327,1.52425e-07,75,108
0.41,26,2277,1.62768e-07,75,108
0.41,27,3015,1.53835e-07,75,108
0.41,28,2878,1.42668e-07,75,108
0.41,29,3095,1.53935e-07,75,108
0.42,1,267,1.49274e-07,76,107
0.42,2,459,1.49274e-07,76,107
0.42,3,541,1.66284e-07,76,107
0.42,4,974,1.38568e-07,76,107
0.42,5,767,1.61996e-07,76,107
0.42,6,1076,1.49424e-07,76,107
0.42,7,1117,1.55248e-07,76,107
0.42,8,1408,1.66204e-07,76,107
0.42,9,1594,1.61985e-07,76,107
0.42,10,1527,1.41936e-07,76,107
0.42,11,1199,1.3946e-07,76,107
0.42,12,1822,1.70481e-07,76,107
0.42,13,1704,1.52589e-07,76,107
0.42,14,1643,1.46713e-07,76,107
0.42,15,2000,1.43417e-07,76,107
0.42,16,2334,1.46256e-07,76,107
0.42,17,2016,1.37533e-07,76,107
0.42,18,2480,1.54304e-07,76,107
0.42,19,2451,1.50688e-07,76,107
0.42,20,2026,1.55003e-07,76,107
0.42,21,2304,1.60806e-07,76,107
0.42,22,2722,1.57268e-07,76,107
0.42,23,2795,1.33348e-07,76,107
0.42,24,2797,1.40932e-07,76,107
0.42,25,2691,1.38227e-07,76,107
0.42,26,2882,1.44467e-07,76,107
0.42,27,3910,1.47684e-07,76,107
0.42,28,3547,1.53645e-07,76,107
0.42,29,3295,1.38923e-07,76,107
0.43,1,349,1.49805e-07,78,105
0.43,2,456,1.50085e-07,78,105
0.43,3,641,1.68539e-07,78,105
0.43,4,810,1.36273e-07,78,105
0.43,5,1066,1.5904e-07,78,105
0.43,6,1122,1.54571e-07,78,105
0.43,7,1232,1.56387e-07,78,105
0.43,8,1339,1.69642e-07,78,105
0.43,9,1469,1.64238e-07,78,105
0.43,10,1750,1.40771e-07,78,105
0.43,11,1689,1.59994e-07,78,105
0.43,12,1706,1.5193e-07,78,105
0.43,13,1547,1.73231e-07,78,105
0.43,14,1562,1.50239e-07,78,105
0.43,15,1714,1.48783e-07,78,105
0.43,16,1652,1.44615e-07,78,105
0.43,17,1811,1.49502e-07,78,105
0.43,18,1761,1.5838e-07,78,105
0.43,19,1976,1.37186e-07,78,105
0.43,20,2072,1.49241e-07,78,105
0.43,21,2533,1.51261e-07,78,105
0.43,22,2430,1.4203e-07,78,105
0.43,23,2793,1.51341e-07,78,105
0.43,24,2965,1.48649e-07,78,105
0.43,25,3400,1.58627e-07,78,105
0.43,26,2896,1.58658e-07,78,105
0.43,27,3617,1.50571e-07,78,105
0.43,28,3438,1.50571e-07,78,105
0.43,29,4130,1.48068e-07,78,105
0.44,1,352,1.50563e-07,80,103
0.44,2,424,1.50294e-07,80,103
0.44,3,560,1.70559e-07,80,103
0.44,4,802,1.68861e-07,80,103
0.44,5,1097,1.62155e-07,80,103
0.44,6,1036,1.72125e-07,80,103
0.44,7,1355,1.52227e-07,80,103
0.44,8,1432,1.67793e-07,80,103
0.44,9,1662,1.61206e-07,80,103
0.44,10,1460,1.61801e-07,80,103
0.44,11,1631,1.60055e-07,80,103
0.44,12,1582,1.72845e-07,80,103
0.44,13,2186,1.54785e-07,80,103
0.44,14,1721,1.50168e-07,80,103
0.44,15,2005,1.48876e-07,80,103
0.44,16,1980,1.53227e-07,80,103
0.44,17,2011,1.51843e-07,80,103
0.44,18,2681,1.55098e-07,80,103
0.44,19,2594,1.41686e-07,80,103
0.44,20,2393,1.3841e-07,80,103
0.44,21,2528,1.55735e-07,80,103
0.44,22,2962,1.44178e-07,80,103
0.44,23,3305,1.74058e-07,80,103
0.44,24,3281,1.53452e-07,80,103
0.44,25,2831,1.51988e-07,80,103
0.44,26,3967,1.62434e-07,80,103
0.44,27,3590,1.50398e-07,80,103
0.44,28,3478,1.54085e-07,80,103
0.44,29,3642,1.53517e-07,80,103
0.45,1,337,1.50927e-07,82,101
0.45,2,505,1.50657e-07,82,101
0.45,3,759,1.72082e-07,82,101
0.45,4,777,1.59082e-07,82,101
0.45,5,964,1.65451e-07,82,101
0.45,6,993,1.75782e-07,82,101
0.45,7,1316,1.63293e-07,82,101
0.45,8,1289,1.7052e-07,82,101
0.45,9,1292,1.65709e-07,82,101
0.45,10,1284,1.62427e-07,82,101
0.45,11,1651,1.73199e-07,82,101
0.45,12,1745,1.73129e-07,82,101
0.45,13,2204,1.55813e-07,82,101
0.45,14,1840,1.58011e-07,82,101
0.45,15,2044,1.56002e-07,82,101
0.45,16,2131,1.55219e-07,82,101
0.45,17,2494,1.44654e-07,82,101
0.45,18,2394,1.51448e-07,82,101
0.45,19,2497,1.42519e-07,82,101
0.45,20,2358,1.54372e-07,82,101
0.45,21,2648,1.46355e-07,82,101
0.45,22,2724,1.58292e-07,82,101
0.45,23,2773,1.61504e-07,82,101
0.45,24,2781,1.60731e-07,82,101
0.45,25,2834,1.56468e-07,82,101
0.45,26,3134,1.58984e-07,82,101
0.45,27,3329,1.56834e-07,82,101
0.45,28,3594,1.54863e-07,82,101
0.45,29,3414,1.60394e-07,82,101
0.46,1,297,1.5127e-07,84,99
0.46,2,479,1.51247e-07,84,99
0.46,3,692,1.7204e-07,84,99
0.46,4,840,1.74453e-07,84,99
0.46,5,1038,1.65805e-07,84,99
0.46,6,1089,1.80574e-07,84,99
0.46,7,1109,1.61998e-07,84,99
0.46,8,1238,1.75704e-07,84,99
0.46,9,1665,1.71673e-07,84,99
0.46,10,1566,1.77376e-07,84,99
0.46,11,1587,1.75541e-07,84,99
0.46,12,1877,1.7439e-07,84,99
0.46,13,1683,1.58538e-07,84,99
0.46,14,1854,1.61592e-07,84,99
0.46,15,2154,1.50409e-07,84,99
0.46,16,2223,1.56402e-07,84,99
0.46,17,2398,1.5803e-07,84,99
0.46,18,2473,1.59038e-07,84,99
0.46,19,2603,1.43314e-07,84,99
0.46,20,2543,1.5398e-07,84,99
0.46,21,2722,1.49865e-07,84,99
0.46,22,2782,1.43837e-07,84,99
0.46,23,2507,1.59542e-07,84,99
0.46,24,2800,1.52802e-07,84,99
0.46,25,2940,1.67489e-07,84,99
0.46,26,2613,1.63665e-07,84,99
0.46,27,2477,1.49323e-07,84,99
0.46,28,2515,1.47986e-07,84,99
0.46,29,2516,1.42356e-07,84,99
0.47,1,262,1.51617e-07,86,97
0.47,2,380,1.51611e-07,86,97
0.47,3,511,1.79197e-07,86,97
0.47,4,710,1.75788e-07,86,97
0.47,5,774,1.70073e-07,86,97
0.47,6,854,1.80041e-07,86,97
0.47,7,1098,1.89416e-07,86,97
0.47,8,1127,1.76644e-07,86,97
0.47,9,1337,1.72489e-07,86,97
0.47,10,1218,1.60238e-07,86,97
0.47,11,1741,1.77562e-07,86,97
0.47,12,1686,1.74493e-07,86,97
0.47,13,1599,1.61913e-07,86,97
0.47,14,1586,1.49772e-07,86,97
0.47,15,1463,1.4916e-07,86,97
0.47,16,1687,1.47874e-07,86,97
0.47,17,1698,1.57891e-07,86,97
0.47,18,2102,1.45019e-07,86,97
0.47,19,2356,1.48206e-07,86,97
0.47,20,2346,1.62706e-07,86,97
0.47,21,2025,1.51561e-07,86,97
0.47,22,2212,1.60557e-07,86,97
0.47,23,1918,1.65285e-07,86,97
0.47,24,2155,1.68581e-07,86,97
0.47,25,2889,1.43803e-07,86,97
0.47,26,2806,1.6268e-07,86,97
0.47,27,2235,1.59401e-07,86,97
0.47,28,2696,1.52153e-07,86,97
0.47,29,2498,1.638e-07,86,97
0.48,1,236,1.51775e-07,87,96
0.48,2,491,1.49202e-07,87,96
0.48,3,740,1.77107e-07,87,96
0.48,4,740,1.75814e-07,87,96
0.48,5,918,1.70216e-07,87,96
0.48,6,988,1.73881e-07,87,96
0.48,7,1046,1.92352e-07,87,96
0.48,8,1006,1.77788e-07,87,96
0.48,9,1272,1.72974e-07,87,96
0.48,10,1162,1.59797e-07,87,96
0.48,11,1370,1.8044e-07,87,96
0.48,12,1303,1.62502e-07,87,96
0.48,13,1476,1.64999e-07,87,96
0.48,14,1674,1.57311e-07,87,96
0.48,15,1545,1.5753e-07,87,96
0.48,16,1627,1.67748e-07,87,96
0.48,17,1875,1.65778e-07,87,96
0.48,18,1717,1.64875e-07,87,96
0.48,19,1798,1.61381e-07,87,96
0.48,20,2090,1.50994e-07,87,96
0.48,21,2141,1.62624e-07,87,96
0.48,22,2031,1.56611e-07,87,96
0.48,23,2017,1.61395e-07,87,96
0.48,24,2619,1.68454e-07,87,96
0.48,25,2811,1.61429e-07,87,96
0.48,26,2948,1.56962e-07,87,96
0.48,27,2673,1.59979e-07,87,96
0.48,28,2832,1.63066e-07,87,96
0.48,29,2602,1.61263e-07,87,96
0.49,1,287,1.52551e-07,89,94
0.49,2,425,1.52362e-07,89,94
0.49,3,700,1.78445e-07,89,94
0.49,4,905,1.80972e-07,89,94
0.49,5,1196,1.72151e-07,89,94
0.49,6,1332,1.74793e-07,89,94
0.49,7,1252,1.9352e-07,89,94
0.49,8,1406,1.79639e-07,89,94
0.49,9,1436,1.74002e-07,89,94
0.49,10,1446,1.78649e-07,89,94
0.49,11,1693,1.80509e-07,89,94
0.49,12,1727,1.74083e-07,89,94
0.49,13,2105,1.658e-07,89,94
0.49,14,2313,1.64502e-07,89,94
0.49,15,1971,1.59923e-07,89,94
0.49,16,2316,1.69259e-07,89,94
0.49,17,2405,1.45078e-07,89,94
0.49,18,2355,1.61033e-07,89,94
0.49,19,2467,1.71753e-07,89,94
0.49,20,2293,1.63215e-07,89,94
0.49,21,2661,1.62234e-07,89,94
0.49,22,2689,1.6866e-07,89,94
0.49,23,2439,1.60013e-07,89,94
0.49,24,3369,1.60911e-07,89,94
0.49,25,3453,1.64595e-07,89,94
0.49,26,3455,1.69027e-07,89,94
0.49,27,2531,1.61044e-07,89,94
0.49,28,2361,1.58322e-07,89,94
0.49,29,2157,1.59051e-07,89,94
0.5,1,240,1.61676e-07,91,92
0.5,2,528,1.61474e-07,91,92
0.5,3,680,1.87469e-07,91,92
0.5,4,705,1.83088e-07,91,92
0.5,5,960,1.73325e-07,91,92
0.5,6,975,1.78169e-07,91,92
0.5,7,968,1.96364e-07,91,92
0.5,8,1089,1.82942e-07,91,92
0.5,9,1215,1.78892e-07,91,92
0.5,10,1181,1.81741e-07,91,92
0.5,11,1255,1.8137e-07,91,92
0.5,12,1247,1.70082e-07,91,92
0.5,13,1373,1.75897e-07,91,92
0.5,14,1653,1.74386e-07,91,92
0.5,15,1716,1.59453e-07,91,92
0.5,16,1701,1.68541e-07,91,92
0.5,17,1846,1.61862e-07,91,92
0.5,18,1633,1.67441e-07,91,92
0.5,19,2067,1.64441e-07,91,92
0.5,20,2038,1.54994e-07,91,92
0.5,21,2666,1.6966e-07,91,92
0.5,22,2821,1.57895e-07,91,92
0.5,23,3099,1.58483e-07,91,92
0.5,24,3447,1.56149e-07,91,92
0.5,25,3085,1.59937e-07,91,92
0.5,26,3433,1.66701e-07,91,92
0.5,27,3249,1.72296e-07,91,92
0.5,28,3362,1.62868e-07,91,92
0.5,29,3009,1.66818e-07,91,92
0.51,1,316,1.64974e-07,93,90
0.51,2,561,1.64784e-07,93,90
0.51,3,757,1.88996e-07,93,90
0.51,4,784,1.85661e-07,93,90
0.51,5,973,1.63829e-07,93,90
0.51,6,1221,1.79756e-07,93,90
0.51,7,1150,1.82832e-07,93,90
0.51,8,1249,1.84334e-07,93,90
0.51,9,1532,1.84692e-07,93,90
0.51,10,1588,1.82235e-07,93,90
0.51,11,1518,1.84649e-07,93,90
0.51,12,1525,1.77775e-07,93,90
0.51,13,1694,1.79834e-07,93,90
0.51,14,1772,1.59854e-07,93,90
0.51,15,2039,1.70364e-07,93,90
0.51,16,1981,1.6433e-07,93,90
0.51,17,2195,1.71207e-07,93,90
0.51,18,2221,1.64562e-07,93,90
0.51,19,2091,1.64562e-07,93,90
0.51,20,1970,1.71188e-07,93,90
0.51,21,2178,1.64562e-07,93,90
0.51,22,1929,1.64562e-07,93,90
0.51,23,2709,1.66472e-07,93,90
0.51,24,2785,1.66526e-07,93,90
0.51,25,2504,1.66839e-07,93,90
0.51,26,3055,1.65158e-07,93,90
0.51,27,3077,1.72487e-07,93,90
0.51,28,2991,1.73743e-07,93,90
0.51,29,2907,1.67099e-07,93,90
0.52,1,267,1.67984e-07,95,88
0.52,2,463,1.65502e-07,95,88
0.52,3,531,1.89065e-07,95,88
0.52,4,977,1.92351e-07,95,88
0.52,5,930,1.73358e-07,95,88
0.52,6,1000,1.78626e-07,95,88
0.52,7,1175,1.8955e-07,95,88
0.52,8,1254,1.82973e-07,95,88
0.52,9,1317,1.87888e-07,95,88
0.52,10,1533,1.88041e-07,95,88
0.52,11,1561,1.79248e-07,95,88
0.52,12,1753,1.78606e-07,95,88
0.52,13,1662,1.61439e-07,95,88
0.52,14,1638,1.61439e-07,95,88
0.52,15,2363,1.66408e-07,95,88
0.52,16,2101,1.66408e-07,95,88
0.52,17,1877,1.68333e-07,95,88
0.52,18,2489,1.68085e-07,95,88
0.52,19,2458,1.78453e-07,95,88
0.52,20,2389,1.73201e-07,95,88
0.52,21,1871,1.6788e-07,95,88
0.52,22,2537,1.67896e-07,95,88
0.52,23,2120,1.71283e-07,95,88
0.52,24,2246,1.67492e-07,95,88
0.52,25,2316,1.58586e-07,95,88
0.52,26,2295,1.67966e-07,95,88
0.52,27,2564,1.75232e-07,95,88
0.52,28,2597,1.61798e-07,95,88
0.52,29,2390,1.58625e-07,95,88
0.53,1,315,1.73369e-07,96,87
0.53,2,449,1.68967e-07,96,87
0.53,3,736,1.72246e-07,96,87
0.53,4,737,1.95787e-07,96,87
0.53,5,890,1.6804e-07,96,87
0.53,6,1069,1.87755e-07,96,87
0.53,7,1200,1.89601e-07,96,87
0.53,8,1030,1.85909e-07,96,87
0.53,9,1112,1.88872e-07,96,87
0.53,10,1087,1.90891e-07,96,87
0.53,11,1159,1.7795e-07,96,87
0.53,12,1770,1.76627e-07,96,87
0.53,13,2020,1.65641e-07,96,87
0.53,14,1783,1.64248e-07,96,87
0.53,15,2120,1.72226e-07,96,87
0.53,16,1778,1.66726e-07,96,87
0.53,17,1698,1.69886e-07,96,87
0.53,18,1912,1.70652e-07,96,87
0.53,19,2305,1.78108e-07,96,87
0.53,20,1809,1.71351e-07,96,87
0.53,21,1770,1.75457e-07,96,87
0.53,22,2473,1.64639e-07,96,87
0.53,23,2149,1.7408e-07,96,87
0.53,24,2573,1.70563e-07,96,87
0.53,25,2237,1.62724e-07,96,87
0.53,26,2260,1.6963e-07,96,87
0.53,27,2304,1.78046e-07,96,87
0.53,28,2373,1.66076e-07,96,87
0.53,29,3217,1.64691e-07,96,87
0.54,1,306,1.74421e-07,98,85
0.54,2,401,1.70018e-07,98,85
0.54,3,472,1.90868e-07,98,85
0.54,4,693,1.97164e-07,98,85
0.54,5,1076,2.00535e-07,98,85
0.54,6,1038,1.90999e-07,98,85
0.54,7,976,1.89951e-07,98,85
0.54,8,1105,1.90456e-07,98,85
0.54,9,1418,1.91094e-07,98,85
0.54,10,1485,1.91766e-07,98,85
0.54,11,1474,1.96704e-07,98,85
0.54,12,1284,1.99934e-07,98,85
0.54,13,1526,1.74194e-07,98,85
0.54,14,1770,1.73462e-07,98,85
0.54,15,1985,1.70351e-07,98,85
0.54,16,2433,1.75293e-07,98,85
0.54,17,2260,1.81154e-07,98,85
0.54,18,2199,1.79153e-07,98,85
0.54,19,2442,1.66661e-07,98,85
0.54,20,2238,1.66661e-07,98,85
0.54,21,2206,1.78587e-07,98,85
0.54,22,2256,1.69447e-07,98,85
0.54,23,2128,1.69831e-07,98,85
0.54,24,2262,1.74611e-07,98,85
0.54,25,2602,1.73573e-07,98,85
0.54,26,2294,1.73186e-07,98,85
0.54,27,2279,1.66464e-07,98,85
0.54,28,2323,1.7902e-07,98,85
0.54,29,3136,1.73749e-07,98,85
0.55,1,325,1.75836e-07,100,83
0.55,2,445,1.75836e-07,100,83
0.55,3,457,1.64516e-07,100,83
0.55,4,822,1.9301e-07,100,83
0.55,5,895,2.013e-07,100,83
0.55,6,905,2.00562e-07,100,83
0.55,7,1035,1.93775e-07,100,83
0.55,8,905,1.93981e-07,100,83
0.55,9,1081,1.95058e-07,100,83
0.55,10,1071,1.93835e-07,100,83
0.55,11,1284,2.00228e-07,100,83
0.55,12,1357,1.73718e-07,100,83
0.55,13,1430,1.74301e-07,100,83
0.55,14,1657,1.82845e-07,100,83
0.55,15,1654,1.72793e-07,100,83
0.55,16,1881,1.7937e-07,100,83
0.55,17,1844,1.81915e-07,100,83
0.55,18,1807,1.73603e-07,100,83
0.55,19,2158,1.72322e-07,100,83
0.55,20,1849,1.66059e-07,100,83
0.55,21,2298,1.73079e-07,100,83
0.55,22,2571,1.76046e-07,100,83
0.55,23,2132,1.79871e-07,100,83
0.55,24,2240,1.90154e-07,100,83
0.55,25,2076,1.74801e-07,100,83
0.55,26,2183,1.74056e-07,100,83
0.55,27,2384,1.7428e-07,100,83
0.55,28,3074,1.67428e-07,100,83
0.55,29,3127,1.81256e-07,100,83
0.56,1,279,1.78202e-07,102,81
0.56,2,328,1.78202e-07,102,81
0.56,3,734,1.76615e-07,102,81
0.56,4,864,1.93763e-07,102,81
0.56,5,599,2.01636e-07,102,81
0.56,6,867,2.03911e-07,102,81
0.56,7,916,1.98295e-07,102,81
0.56,8,797,1.97181e-07,102,81
0.56,9,1087,1.96487e-07,102,81
0.56,10,921,1.97183e-07,102,81
0.56,11,1251,1.99847e-07,102,81
0.56,12,1358,1.96495e-07,102,81
0.56,13,1595,1.77247e-07,102,81
0.56,14,1846,1.71122e-07,102,81
0.56,15,1823,1.72374e-07,102,81
0.56,16,1768,1.8497e-07,102,81
0.56,17,2313,1.74609e-07,102,81
0.56,18,2246,1.74436e-07,102,81
0.56,19,2204,1.79836e-07,102,81
0.56,20,2305,1.83977e-07,102,81
0.56,21,2515,1.80698e-07,102,81
0.56,22,2628,1.80187e-07,102,81
0.56,23,2650,1.75455e-07,102,81
0.56,24,3033,1.82708e-07,102,81
0.56,25,2725,1.71653e-07,102,81
0.56,26,2690,1.71697e-07,102,81
0.56,27,3316,1.78943e-07,102,81
0.56,28,3149,1.71953e-07,102,81
0.56,29,2849,1.7463e-07,102,81
0.57,1,364,1.78202e-07,102,81
0.57,2,481,1.78202e-07,102,81
0.57,3,696,1.76615e-07,102,81
0.57,4,628,1.93763e-07,102,81
0.57,5,726,2.05368e-07,102,81
0.57,6,901,1.79573e-07,102,81
0.57,7,1047,1.99619e-07,102,81
0.57,8,1034,1.97181e-07,102,81
0.57,9,1092,1.96375e-07,102,81
0.57,10,1309,1.95162e-07,102,81
0.57,11,1172,1.99892e-07,102,81
0.57,12,1237,1.97943e-07,102,81
0.57,13,1531,1.97512e-07,102,81
0.57,14,1402,1.78607e-07,102,81
0.57,15,1484,1.86362e-07,102,81
0.57,16,1464,1.80608e-07,102,81
0.57,17,1772,1.77074e-07,102,81
0.57,18,1565,1.7422e-07,102,81
0.57,19,1658,1.75233e-07,102,81
0.57,20,1674,1.7422e-07,102,81
0.57,21,2105,1.79753e-07,102,81
0.57,22,2245,1.84012e-07,102,81
0.57,23,2335,1.80931e-07,102,81
0.57,24,2544,1.70924e-07,102,81
0.57,25,2586,1.76916e-07,102,81
0.57,26,2680,1.72231e-07,102,81
0.57,27,3302,1.78362e-07,102,81
0.57,28,2819,1.76945e-07,102,81
0.57,29,2689,1.81537e-07,102,81
0.58,1,293,1.99117e-07,104,79
0.58,2,500,1.97794e-07,104,79
0.58,3,626,1.79293e-07,104,79
0.58,4,689,1.96957e-07,104,79
0.58,5,748,1.98888e-07,104,79
0.58,6,982,1.79626e-07,104,79
0.58,7,891,1.97735e-07,104,79
0.58,8,946,2.00401e-07,104,79
0.58,9,1126,1.99383e-07,104,79
0.58,10,1660,2.00492e-07,104,79
0.58,11,1563,2.00492e-07,104,79
0.58,12,1562,1.98679e-07,104,79
0.58,13,1329,1.97822e-07,104,79
0.58,14,1537,1.80174e-07,104,79
0.58,15,1624,1.82674e-07,104,79
0.58,16,1947,1.73044e-07,104,79
0.58,17,2076,1.75794e-07,104,79
0.58,18,1673,1.75821e-07,104,79
0.58,19,1542,1.74584e-07,104,79
0.58,20,2056,1.84822e-07,104,79
0.58,21,2183,1.77627e-07,104,79
0.58,22,2138,1.83225e-07,104,79
0.58,23,1987,1.80676e-07,104,79
0.58,24,2286,1.8463e-07,104,79
0.58,25,2260,1.76285e-07,104,79
0.58,26,2277,1.76523e-07,104,79
0.58,27,2747,1.80373e-07,104,79
0.58,28,2723,1.89169e-07,104,79
0.58,29,3227,1.75755e-07,104,79
0.59,1,236,2.00512e-07,107,76
0.59,2,460,2.02739e-07,107,76
0.59,3,598,2.02384e-07,107,76
0.59,4,782,1.8008e-07,107,76
0.59,5,767,2.03277e-07,107,76
0.59,6,902,2.06278e-07,107,76
0.59,7,987,2.04057e-07,107,76
0.59,8,975,2.03062e-07,107,76
0.59,9,1035,2.05609e-07,107,76
0.59,10,1062,2.0392e-07,107,76
0.59,11,1249,2.041e-07,107,76
0.59,12,1403,2.03081e-07,107,76
0.59,13,1563,1.78419e-07,107,76
0.59,14,1334,1.80467e-07,107,76
0.59,15,1563,1.80467e-07,107,76
0.59,16,1959,1.88157e-07,107,76
0.59,17,2116,1.81908e-07,107,76
0.59,18,2095,1.79079e-07,107,76
0.59,19,2248,1.84116e-07,107,76
0.59,20,2371,1.82312e-07,107,76
0.59,21,2506,1.8221e-07,107,76
0.59,22,1821,1.82675e-07,107,76
0.59,23,2071,1.80499e-07,107,76
0.59,24,1915,1.86929e-07,107,76
0.59,25,2054,1.90373e-07,107,76
0.59,26,2998,1.882e-07,107,76
0.59,27,2545,1.83947e-07,107,76
0.59,28,2870,1.86198e-07,107,76
0.59,29,2632,1.75171e-07,107,76
0.6,1,337,2.04388e-07,109,74
0.6,2,547,2.06741e-07,109,74
0.6,3,763,2.07867e-07,109,74
0.6,4,591,2.01986e-07,109,74
0.6,5,710,2.01033e-07,109,74
0.6,6,789,2.07045e-07,109,74
0.6,7,784,2.09195e-07,109,74
0.6,8,1103,2.03829e-07,109,74
0.6,9,1071,2.06376e-07,109,74
0.6,10,1271,2.06983e-07,109,74
0.6,11,1156,2.0872e-07,109,74
0.6,12,1177,2.07464e-07,109,74
0.6,13,1407,1.86687e-07,109,74
0.6,14,1360,1.86913e-07,109,74
0.6,15,1593,1.82458e-07,109,74
0.6,16,1756,1.82458e-07,109,74
0.6,17,1764,1.84788e-07,109,74
0.6,18,1710,2.08778e-07,109,74
0.6,19,2142,1.81979e-07,109,74
0.6,20,2446,1.83868e-07,109,74
0.6,21,2039,1.88575e-07,109,74
0.6,22,1897,1.83778e-07,109,74
0.6,23,2213,1.80934e-07,109,74
0.6,24,2437,1.87133e-07,109,74
0.6,25,2985,1.87787e-07,109,74
0.6,26,2587,1.87e-07,109,74
0.6,27,2491,1.8263e-07,109,74
0.6,28,2760,1.90572e-07,109,74
0.6,29,2386,1.85269e-07,109,74
0.61,1,243,2.10279e-07,111,72
0.61,2,426,2.06656e-07,111,72
0.61,3,754,2.06615e-07,111,72
0.61,4,604,2.10397e-07,111,72
0.61,5,834,2.02556e-07,111,72
0.61,6,777,2.05679e-07,111,72
0.61,7,882,2.12587e-07,111,72
0.61,8,1004,2.07074e-07,111,72
0.61,9,1198,2.05163e-07,111,72
0.61,10,1084,2.07659e-07,111,72
0.61,11,1187,2.09172e-07,111,72
0.61,12,1606,1.90383e-07,111,72
0.61,13,1401,1.91459e-07,111,72
0.61,14,1786,1.90493e-07,111,72
0.61,15,1836,1.82076e-07,111,72
0.61,16,1805,1.90194e-07,111,72
0.61,17,1999,1.83468e-07,111,72
0.61,18,1933,1.88085e-07,111,72
0.61,19,2082,1.82012e-07,111,72
0.61,20,2119,1.83888e-07,111,72
0.61,21,1995,1.82613e-07,111,72
0.61,22,2112,1.84429e-07,111,72
0.61,23,1695,1.84402e-07,111,72
0.61,24,2490,1.91142e-07,111,72
0.61,25,2689,1.85388e-07,111,72
0.61,26,3438,1.89596e-07,111,72
0.61,27,2707,1.82942e-07,111,72
0.61,28,2644,1.85264e-07,111,72
0.61,29,2979,1.86284e-07,111,72
0.62,1,230,2.13654e-07,113,70
0.62,2,402,2.0999e-07,113,70
0.62,3,588,2.11117e-07,113,70
0.62,4,803,1.92583e-07,113,70
0.62,5,847,2.00963e-07,113,70
0.62,6,1105,2.0526e-07,113,70
0.62,7,967,2.05921e-07,113,70
0.62,8,929,2.07831e-07,113,70
0.62,9,1193,2.09062e-07,113,70
0.62,10,1197,2.08556e-07,113,70
0.62,11,1258,2.12997e-07,113,70
0.62,12,1281,1.95721e-07,113,70
0.62,13,1343,2.0883e-07,113,70
0.62,14,1460,1.94183e-07,113,70
0.62,15,1663,1.88987e-07,113,70
0.62,16,1493,1.89944e-07,113,70
0.62,17,1796,1.92725e-07,113,70
0.62,18,1740,1.90061e-07,113,70
0.62,19,2247,1.85631e-07,113,70
0.62,20,1911,1.83869e-07,113,70
0.62,21,1773,1.8432e-07,113,70
0.62,22,1756,1.82776e-07,113,70
0.62,23,1942,1.86312e-07,113,70
0.62,24,2846,1.91062e-07,113,70
0.62,25,3134,1.86577e-07,113,70
0.62,26,2475,2.09726e-07,113,70
0.62,27,2780,1.89129e-07,113,70
0.62,28,2460,1.92437e-07,113,70
0.62,29,2501,1.89896e-07,113,70
0.63,1,299,2.13834e-07,115,68
0.63,2,494,2.15142e-07,115,68
0.63,3,464,2.12576e-07,115,68
0.63,4,598,2.11907e-07,115,68
0.63,5,953,2.18235e-07,115,68
0.63,6,771,2.08608e-07,115,68
0.63,7,975,2.12893e-07,115,68
0.63,8,1012,2.11238e-07,115,68
0.63,9,1164,2.09805e-07,115,68
0.63,10,1341,2.07612e-07,115,68
0.63,11,1260,2.06898e-07,115,68
0.63,12,1250,1.96704e-07,115,68
0.63,13,1470,1.97382e-07,115,68
0.63,14,1750,1.94085e-07,115,68
0.63,15,1466,1.88912e-07,115,68
0.63,16,1465,1.95578e-07,115,68
0.63,17,1960,2.172e-07,115,68
0.63,18,1931,1.97744e-07,115,68
0.63,19,1975,1.93371e-07,115,68
0.63,20,1898,1.9348e-07,115,68
0.63,21,1630,1.94112e-07,115,68
0.63,22,2364,1.95437e-07,115,68
0.63,23,3348,1.94843e-07,115,68
0.63,24,3331,1.91496e-07,115,68
0.63,25,3164,1.89016e-07,115,68
0.63,26,3492,1.89317e-07,115,68
0.63,27,3161,1.96194e-07,115,68
0.63,28,2996,1.90683e-07,115,68
0.63,29,3351,2.00244e-07,115,68
0.64,1,283,2.19717e-07,117,66
0.64,2,470,2.18464e-07,117,66
0.64,3,641,2.18465e-07,117,66
0.64,4,703,2.19086e-07,117,66
0.64,5,899,2.06332e-07,117,66
0.64,6,1020,2.2008e-07,117,66
0.64,7,949,2.1526e-07,117,66
0.64,8,1113,2.16543e-07,117,66
0.64,9,1163,2.15534e-07,117,66
0.64,10,1355,2.15693e-07,117,66
0.64,11,1538,2.13405e-07,117,66
0.64,12,1585,2.16294e-07,117,66
0.64,13,1659,2.17592e-07,117,66
0.64,14,1794,2.15482e-07,117,66
0.64,15,1651,1.96223e-07,117,66
0.64,16,1463,2.0119e-07,117,66
0.64,17,1776,1.97588e-07,117,66
0.64,18,1838,1.96909e-07,117,66
0.64,19,1759,1.98023e-07,117,66
0.64,20,2076,1.98206e-07,117,66
0.64,21,1977,1.98064e-07,117,66
0.64,22,3005,1.99939e-07,117,66
0.64,23,2280,2.18429e-07,117,66
0.64,24,2472,2.03903e-07,117,66
0.64,25,2604,1.95645e-07,117,66
0.64,26,2980,1.92967e-07,117,66
0.64,27,2455,2.16578e-07,117,66
0.64,28,2442,1.97661e-07,117,66
0.64,29,2476,1.97038e-07,117,66
0.65,1,221,2.20809e-07,118,65
0.65,2,367,2.20116e-07,118,65
0.65,3,496,2.21401e-07,118,65
0.65,4,454,2.21639e-07,118,65
0.65,5,622,2.18669e-07,118,65
0.65,6,824,2.22345e-07,118,65
0.65,7,864,2.15699e-07,118,65
0.65,8,836,2.19616e-07,118,65
0.65,9,1011,2.17145e-07,118,65
0.65,10,1066,2.1751e-07,118,65
0.65,11,1227,2.14981e-07,118,65
0.65,12,1208,2.19123e-07,118,65
0.65,13,1484,2.00063e-07,118,65
0.65,14,1609,2.03479e-07,118,65
0.65,15,1582,1.9832e-07,118,65
0.65,16,1261,2.01361e-07,118,65
0.65,17,1763,1.99183e-07,118,65
0.65,18,1959,1.97505e-07,118,65
0.65,19,1819,2.01279e-07,118,65
0.65,20,1724,1.98638e-07,118,65
0.65,21,1787,1.98478e-07,118,65
0.65,22,2466,1.99827e-07,118,65
0.65,23,2663,2.17742e-07,118,65
0.65,24,2400,1.99827e-07,118,65
0.65,25,2273,1.90219e-07,118,65
0.65,26,2368,2.19022e-07,118,65
0.65,27,2677,2.19022e-07,118,65
0.65,28,2238,2.00443e-07,118,65
0.65,29,2587,1.99603e-07,118,65
0.66,1,258,2.23451e-07,120,63
0.66,2,400,2.23451e-07,120,63
0.66,3,760,2.2572e-07,120,63
0.66,4,807,2.24395e-07,120,63
0.66,5,812,2.23601e-07,120,63
0.66,6,830,2.24395e-07,120,63
0.66,7,951,2.2305e-07,120,63
0.66,8,1180,2.18024e-07,120,63
0.66,9,1267,2.18645e-07,120,63
0.66,10,1137,2.19905e-07,120,63
0.66,11,1194,2.20389e-07,120,63
0.66,12,1321,2.19066e-07,120,63
0.66,13,1513,2.01639e-07,120,63
0.66,14,1441,2.02876e-07,120,63
0.66,15,1505,2.05569e-07,120,63
0.66,16,1670,2.01004e-07,120,63
0.66,17,1774,2.20064e-07,120,63
0.66,18,2081,1.99698e-07,120,63
0.66,19,1979,2.17612e-07,120,63
0.66,20,1685,2.12689e-07,120,63
0.66,21,2053,2.04374e-07,120,63
0.66,22,2322,2.04375e-07,120,63
0.66,23,2290,2.02763e-07,120,63
0.66,24,2285,2.23613e-07,120,63
0.66,25,2386,2.23107e-07,120,63
0.66,26,2499,2.21683e-07,120,63
0.66,27,2321,2.03408e-07,120,63
0.66,28,2030,2.02e-07,120,63
0.66,29,2399,2.03202e-07,120,63
0.67,1,213,2.2605e-07,122,61
0.67,2,451,2.2605e-07,122,61
0.67,3,488,2.2605e-07,122,61
0.67,4,754,2.2605e-07,122,61
0.67,5,680,2.25811e-07,122,61
0.67,6,813,2.2605e-07,122,61
0.67,7,897,2.251e-07,122,61
0.67,8,905,2.23162e-07,122,61
0.67,9,1054,2.19589e-07,122,61
0.67,10,1146,2.21275e-07,122,61
0.67,11,1368,2.19946e-07,122,61
0.67,12,1079,2.25643e-07,122,61
0.67,13,1392,2.05206e-07,122,61
0.67,14,1437,2.05604e-07,122,61
0.67,15,1884,2.0749e-07,122,61
0.67,16,1747,2.03193e-07,122,61
0.67,17,1665,2.03245e-07,122,61
0.67,18,1602,2.19959e-07,122,61
0.67,19,1425,2.19978e-07,122,61
0.67,20,1634,2.20436e-07,122,61
0.67,21,2201,2.05044e-07,122,61
0.67,22,1961,2.06936e-07,122,61
0.67,23,2058,2.04876e-07,122,61
0.67,24,2883,2.04484e-07,122,61
0.67,25,2901,2.04678e-07,122,61
0.67,26,2820,2.23603e-07,122,61
0.67,27,2809,2.04852e-07,122,61
0.67,28,2690,2.03301e-07,122,61
0.67,29,3061,2.21719e-07,122,61
0.68,1,445,2.28701e-07,124,59
0.68,2,411,2.28701e-07,124,59
0.68,3,641,2.29982e-07,124,59
0.68,4,703,2.26989e-07,124,59
0.68,5,854,2.25817e-07,124,59
0.68,6,898,2.25108e-07,124,59
0.68,7,1026,2.27338e-07,124,59
0.68,8,1053,2.26555e-07,124,59
0.68,9,1174,2.23141e-07,124,59
0.68,10,1367,2.26943e-07,124,59
0.68,11,1670,2.28312e-07,124,59
0.68,12,1760,2.10167e-07,124,59
0.68,13,1729,2.24225e-07,124,59
0.68,14,1835,2.2472e-07,124,59
0.68,15,1939,2.05005e-07,124,59
0.68,16,2082,2.22181e-07,124,59
0.68,17,2303,2.24566e-07,124,59
0.68,18,2196,2.25415e-07,124,59
0.68,19,1703,2.24091e-07,124,59
0.68,20,2391,2.21979e-07,124,59
0.68,21,2319,2.06873e-07,124,59
0.68,22,2439,2.06437e-07,124,59
0.68,23,2110,2.15389e-07,124,59
0.68,24,2211,2.09999e-07,124,59
0.68,25,2188,2.09406e-07,124,59
0.68,26,2172,2.26215e-07,124,59
0.68,27,1967,2.10177e-07,124,59
0.68,28,2191,2.10084e-07,124,59
0.68,29,2461,2.10408e-07,124,59
0.69,1,217,2.3254e-07,126,57
0.69,2,327,2.30136e-07,126,57
0.69,3,641,2.30998e-07,126,57
0.69,4,714,2.30136e-07,126,57
0.69,5,747,2.28415e-07,126,57
0.69,6,746,2.30363e-07,126,57
0.69,7,691,2.32256e-07,126,57
0.69,8,853,2.30277e-07,126,57
0.69,9,1005,2.28669e-07,126,57
0.69,10,1123,2.26739e-07,126,57
0.69,11,1315,2.29208e-07,126,57
0.69,12,1232,2.31127e-07,126,57
0.69,13,1181,2.32053e-07,126,57
0.69,14,1573,2.30392e-07,126,57
0.69,15,1966,2.2863e-07,126,57
0.69,16,1856,2.27923e-07,126,57
0.69,17,1902,2.28789e-07,126,57
0.69,18,1777,2.27492e-07,126,57
0.69,19,2638,2.10907e-07,126,57
0.69,20,2713,2.13366e-07,126,57
0.69,21,2490,2.10048e-07,126,57
0.69,22,2779,2.10191e-07,126,57
0.69,23,2647,2.28111e-07,126,57
0.69,24,2643,2.2866e-07,126,57
0.69,25,2461,2.1142e-07,126,57
0.69,26,2681,2.09675e-07,126,57
0.69,27,2379,2.36511e-07,126,57
0.69,28,2536,2.26774e-07,126,57
0.69,29,4720,2.14388e-07,126,57
0.7,1,315,2.38384e-07,128,55
0.7,2,479,2.32187e-07,128,55
0.7,3,549,2.34683e-07,128,55
0.7,4,656,2.36615e-07,128,55
0.7,5,711,2.33976e-07,128,55
0.7,6,712,2.33976e-07,128,55
0.7,7,909,2.34222e-07,128,55
0.7,8,1026,2.32555e-07,128,55
0.7,9,1315,2.32395e-07,128,55
0.7,10,985,2.34656e-07,128,55
0.7,11,1217,2.32614e-07,128,55
0.7,12,1338,2.3266e-07,128,55
0.7,13,1292,2.32614e-07,128,55
0.7,14,1473,2.32663e-07,128,55
0.7,15,1425,2.32704e-07,128,55
0.7,16,1393,2.31376e-07,128,55
0.7,17,1589,2.32736e-07,128,55
0.7,18,1730,2.30267e-07,128,55
0.7,19,1785,2.32785e-07,128,55
0.7,20,2001,2.33889e-07,128,55
0.7,21,1848,2.33238e-07,128,55
0.7,22,2006,2.31979e-07,128,55
0.7,23,2220,2.32677e-07,128,55
0.7,24,2022,2.29403e-07,128,55
0.7,25,1988,2.31987e-07,128,55
0.7,26,2003,2.33861e-07,128,55
0.7,27,1635,2.28171e-07,128,55
0.7,28,3854,2.30155e-07,128,55
0.7,29,3187,2.33418e-07,128,55
0.71,1,244,2.36371e-07,129,54
0.71,2,402,2.33487e-07,129,54
0.71,3,593,2.36721e-07,129,54
0.71,4,724,2.38775e-07,129,54
0.71,5,773,2.36884e-07,129,54
0.71,6,748,2.32935e-07,129,54
0.71,7,773,2.33364e-07,129,54
0.71,8,1106,2.33948e-07,129,54
0.71,9,1182,2.36884e-07,129,54
0.71,10,952,2.33287e-07,129,54
0.71,11,1218,2.31843e-07,129,54
0.71,12,1333,2.34888e-07,129,54
0.71,13,1324,2.34225e-07,129,54
0.71,14,1449,2.35178e-07,129,54
0.71,15,1518,2.35643e-07,129,54
0.71,16,1500,2.33174e-07,129,54
0.71,17,1360,2.35599e-07,129,54
0.71,18,1971,2.39052e-07,129,54
0.71,19,1815,2.36026e-07,129,54
0.71,20,2088,2.30645e-07,129,54
0.71,21,2021,2.33019e-07,129,54
0.71,22,1742,2.33853e-07,129,54
0.71,23,1937,2.33646e-07,129,54
0.71,24,1850,2.40248e-07,129,54
0.71,25,1773,2.35409e-07,129,54
0.71,26,2196,2.33649e-07,129,54
0.71,27,3262,2.37806e-07,129,54
0.71,28,3238,2.16084e-07,129,54
0.71,29,3917,2.33537e-07,129,54
0.72,1,290,2.40343e-07,131,52
0.72,2,536,2.37807e-07,131,52
0.72,3,633,2.37373e-07,131,52
0.72,4,675,2.36413e-07,131,52
0.72,5,852,2.37807e-07,131,52
0.72,6,1060,2.36327e-07,131,52
0.72,7,1117,2.37373e-07,131,52
0.72,8,1220,2.4044e-07,131,52
0.72,9,1301,2.40303e-07,131,52
0.72,10,1295,2.37807e-07,131,52
0.72,11,1417,2.374e-07,131,52
0.72,12,1525,2.38545e-07,131,52
0.72,13,1851,2.37494e-07,131,52
0.72,14,1635,2.36162e-07,131,52
0.72,15,1488,2.39909e-07,131,52
0.72,16,1772,2.37002e-07,131,52
0.72,17,1533,2.38747e-07,131,52
0.72,18,2664,2.38592e-07,131,52
0.72,19,2296,2.34175e-07,131,52
0.72,20,2127,2.36408e-07,131,52
0.72,21,2608,2.39328e-07,131,52
0.72,22,2520,2.36179e-07,131,52
0.72,23,2567,2.38156e-07,131,52
0.72,24,2358,2.36227e-07,131,52
0.72,25,2049,2.38619e-07,131,52
0.72,26,3783,2.35676e-07,131,52
0.72,27,3445,2.39457e-07,131,52
0.72,28,3723,2.39053e-07,131,52
0.72,29,3588,2.36684e-07,131,52
0.73,1,236,2.41053e-07,133,50
0.73,2,419,2.40167e-07,133,50
0.73,3,540,2.41389e-07,133,50
0.73,4,532,2.40167e-07,133,50
0.73,5,789,2.41053e-07,133,50
0.73,6,832,2.40066e-07,133,50
0.73,7,776,2.41919e-07,133,50
0.73,8,1034,2.41331e-07,133,50
0.73,9,1054,2.41053e-07,133,50
0.73,10,1545,2.39545e-07,133,50
0.73,11,1377,2.40252e-07,133,50
0.73,12,1115,2.41919e-07,133,50
0.73,13,1557,2.40682e-07,133,50
0.73,14,1378,2.42165e-07,133,50
0.73,15,1543,2.41997e-07,133,50
0.73,16,1832,2.43293e-07,133,50
0.73,17,1945,2.38843e-07,133,50
0.73,18,1741,2.41911e-07,133,50
0.73,19,1635,2.42633e-07,133,50
0.73,20,1659,2.37648e-07,133,50
0.73,21,1911,2.41244e-07,133,50
0.73,22,1917,2.38724e-07,133,50
0.73,23,1889,2.43083e-07,133,50
0.73,24,2066,2.40714e-07,133,50
0.73,25,2955,2.40034e-07,133,50
0.73,26,3589,2.37846e-07,133,50
0.73,27,3249,2.40932e-07,133,50
0.73,28,2679,2.37846e-07,133,50
0.73,29,3272,2.42459e-07,133,50
0.74,1,253,2.43254e-07,135,48
0.74,2,376,2.43413e-07,135,48
0.74,3,502,2.44609e-07,135,48
0.74,4,601,2.42003e-07,135,48
0.74,5,637,2.44609e-07,135,48
0.74,6,700,2.43928e-07,135,48
0.74,7,848,2.43472e-07,135,48
0.74,8,1026,2.43254e-07,135,48
0.74,9,962,2.44609e-07,135,48
0.74,10,1139,2.42792e-07,135,48
0.74,11,1052,2.47603e-07,135,48
0.74,12,1358,2.43928e-07,135,48
0.74,13,1342,2.44088e-07,135,48
0.74,14,1277,2.44088e-07,135,48
0.74,15,1308,2.44088e-07,135,48
0.74,16,1713,2.40957e-07,135,48
0.74,17,2163,2.448e-07,135,48
0.74,18,1663,2.40957e-07,135,48
0.74,19,1892,2.44178e-07,135,48
0.74,20,1920,2.4349e-07,135,48
0.74,21,2026,2.448e-07,135,48
0.74,22,1600,2.44338e-07,135,48
0.74,23,1560,2.42194e-07,135,48
0.74,24,2854,2.45552e-07,135,48
0.74,25,2661,2.44279e-07,135,48
0.74,26,2590,2.44006e-07,135,48
0.74,27,3581,2.4281e-07,135,48
0.74,28,3245,2.42983e-07,135,48
0.74,29,3027,2.44006e-07,135,48
0.75,1,231,2.45672e-07,137,46
0.75,2,345,2.45672e-07,137,46
0.75,3,532,2.45672e-07,137,46
0.75,4,659,2.44819e-07,137,46
0.75,5,716,2.45672e-07,137,46
0.75,6,876,2.44992e-07,137,46
0.75,7,1014,2.45672e-07,137,46
0.75,8,1127,2.45672e-07,137,46
0.75,9,1036,2.45672e-07,137,46
0.75,10,1426,2.46347e-07,137,46
0.75,11,1440,2.50022e-07,137,46
0.75,12,1587,2.46288e-07,137,46
0.75,13,1517,2.44992e-07,137,46
0.75,14,1356,2.46288e-07,137,46
0.75,15,1390,2.46288e-07,137,46
0.75,16,2165,2.45152e-07,137,46
0.75,17,2320,2.47878e-07,137,46
0.75,18,2158,2.45087e-07,137,46
0.75,19,2224,2.45498e-07,137,46
0.75,20,2308,2.45229e-07,137,46
0.75,21,2251,2.49233e-07,137,46
0.75,22,1957,2.43683e-07,137,46
0.75,23,3793,2.50022e-07,137,46
0.75,24,2875,2.46365e-07,137,46
0.75,25,3013,2.50022e-07,137,46
0.75,26,3253,2.45087e-07,137,46
0.75,27,2738,2.50022e-07,137,46
0.75,28,2725,2.46365e-07,137,46
0.75,29,3932,2.46332e-07,137,46
0.76,1,242,2.46295e-07,139,44
0.76,2,541,2.46421e-07,139,44
0.76,3,579,2.51356e-07,139,44
0.76,4,718,2.51483e-07,139,44
0.76,5,823,2.46295e-07,139,44
0.76,6,926,2.47161e-07,139,44
0.76,7,1062,2.46295e-07,139,44
0.76,8,984,2.47666e-07,139,44
0.76,9,1042,2.47161e-07,139,44
0.76,10,1178,2.47161e-07,139,44
0.76,11,1386,2.47161e-07,139,44
0.76,12,1434,2.47161e-07,139,44
0.76,13,1318,2.47161e-07,139,44
0.76,14,1256,2.47161e-07,139,44
0.76,15,1978,2.52222e-07,139,44
0.76,16,2204,2.52049e-07,139,44
0.76,17,1763,2.46499e-07,139,44
0.76,18,2033,2.51433e-07,139,44
0.76,19,2241,2.51433e-07,139,44
0.76,20,2046,2.51433e-07,139,44
0.76,21,1815,2.47287e-07,139,44
0.76,22,3408,2.47238e-07,139,44
0.76,23,3280,2.47238e-07,139,44
0.76,24,3263,2.47115e-07,139,44
0.76,25,3298,2.47666e-07,139,44
0.76,26,2329,2.46421e-07,139,44
0.76,27,3494,2.47666e-07,139,44
0.76,28,3119,2.47238e-07,139,44
0.76,29,3335,2.47223e-07,139,44
0.77,1,242,2.48001e-07,140,43
0.77,2,489,2.48001e-07,140,43
0.77,3,602,2.48001e-07,140,43
0.77,4,682,2.46733e-07,140,43
0.77,5,715,2.47472e-07,140,43
0.77,6,813,2.47472e-07,140,43
0.77,7,886,2.51665e-07,140,43
0.77,8,1026,2.53039e-07,140,43
0.77,9,1300,2.48844e-07,140,43
0.77,10,1351,2.5266e-07,140,43
0.77,11,1334,2.47472e-07,140,43
0.77,12,1263,2.47472e-07,140,43
0.77,13,1432,2.47472e-07,140,43
0.77,14,1424,2.48844e-07,140,43
0.77,15,2055,2.47549e-07,140,43
0.77,16,2009,2.52611e-07,140,43
0.77,17,2229,2.51794e-07,140,43
0.77,18,1790,2.51794e-07,140,43
0.77,19,1887,2.47549e-07,140,43
0.77,20,1782,2.47549e-07,140,43
0.77,21,2015,2.47549e-07,140,43
0.77,22,3048,2.47676e-07,140,43
0.77,23,2865,2.52611e-07,140,43
0.77,24,2401,2.48921e-07,140,43
0.77,25,3187,2.51794e-07,140,43
0.77,26,3008,2.48055e-07,140,43
0.77,27,2836,2.4681e-07,140,43
0.77,28,2914,2.47599e-07,140,43
0.77,29,2925,2.48844e-07,140,43
0.78,1,238,2.50121e-07,142,41
0.78,2,381,2.50121e-07,142,41
0.78,3,537,2.50121e-07,142,41
0.78,4,465,2.53812e-07,142,41
0.78,5,667,2.48249e-07,142,41
0.78,6,707,2.58743e-07,142,41
0.78,7,1044,2.55053e-07,142,41
0.78,8,798,2.51223e-07,142,41
0.78,9,982,2.54551e-07,142,41
0.78,10,967,2.49616e-07,142,41
0.78,11,1384,2.54551e-07,142,41
0.78,12,1298,2.50861e-07,142,41
0.78,13,1046,2.54551e-07,142,41
0.78,14,1634,2.5336e-07,142,41
0.78,15,1351,2.5336e-07,142,41
0.78,16,1292,2.5336e-07,142,41
0.78,17,1803,2.54605e-07,142,41
0.78,18,1756,2.54605e-07,142,41
0.78,19,1510,2.5336e-07,142,41
0.78,20,1519,2.5336e-07,142,41
0.78,21,2627,2.48298e-07,142,41
0.78,22,2482,2.54605e-07,142,41
0.78,23,2874,2.5336e-07,142,41
0.78,24,2884,2.54605e-07,142,41
0.78,25,2699,2.5336e-07,142,41
0.78,26,2506,2.5336e-07,142,41
0.78,27,2260,2.49543e-07,142,41
0.78,28,2291,2.49543e-07,142,41
0.78,29,2899,2.48298e-07,142,41
0.79,1,339,2.74796e-07,144,39
0.79,2,380,2.74796e-07,144,39
0.79,3,488,2.74796e-07,144,39
0.79,4,544,2.74796e-07,144,39
0.79,5,818,2.56671e-07,144,39
0.79,6,874,2.57033e-07,144,39
0.79,7,878,2.57033e-07,144,39
0.79,8,897,2.56671e-07,144,39
0.79,9,928,2.56671e-07,144,39
0.79,10,1015,2.56671e-07,144,39
0.79,11,1033,2.56671e-07,144,39
0.79,12,1157,2.56668e-07,144,39
0.79,13,1615,2.52789e-07,144,39
0.79,14,1616,2.55374e-07,144,39
0.79,15,1708,2.50443e-07,144,39
0.79,16,1445,2.51544e-07,144,39
0.79,17,1663,2.55377e-07,144,39
0.79,18,1637,2.56619e-07,144,39
0.79,19,1505,2.56619e-07,144,39
0.79,20,2906,2.60309e-07,144,39
0.79,21,2347,2.50443e-07,144,39
0.79,22,2649,2.56479e-07,144,39
0.79,23,2603,2.52789e-07,144,39
0.79,24,2343,2.51544e-07,144,39
0.79,25,2490,2.55377e-07,144,39
0.79,26,2621,2.56619e-07,144,39
0.79,27,2378,2.55377e-07,144,39
0.79,28,2450,2.56479e-07,144,39
0.79,29,2402,2.50443e-07,144,39
0.8,1,373,3.134e-07,146,37
0.8,2,424,3.134e-07,146,37
0.8,3,388,2.9522e-07,146,37
0.8,4,551,2.9522e-07,146,37
0.8,5,559,2.95275e-07,146,37
0.8,6,785,2.94536e-07,146,37
0.8,7,812,2.99468e-07,146,37
0.8,8,860,2.57448e-07,146,37
0.8,9,840,2.57448e-07,146,37
0.8,10,1228,2.81343e-07,146,37
0.8,11,1101,2.77093e-07,146,37
0.8,12,1059,2.76412e-07,146,37
0.8,13,1351,2.6243e-07,146,37
0.8,14,1373,2.58599e-07,146,37
0.8,15,1297,2.57498e-07,146,37
0.8,16,1397,2.62429e-07,146,37
0.8,17,1341,2.6243e-07,146,37
0.8,18,1289,2.62429e-07,146,37
0.8,19,2164,2.57498e-07,146,37
0.8,20,2338,2.62429e-07,146,37
0.8,21,2248,2.62429e-07,146,37
0.8,22,2610,2.62429e-07,146,37
0.8,23,2573,2.57498e-07,146,37
0.8,24,2419,2.58599e-07,146,37
0.8,25,2686,2.62429e-07,146,37
0.8,26,2803,2.62429e-07,146,37
0.8,27,2588,2.57498e-07,146,37
0.8,28,2414,2.62429e-07,146,37
0.8,29,2247,2.58599e-07,146,37
0.81,1,192,3.33824e-07,148,35
0.81,2,361,3.15699e-07,148,35
0.81,3,435,2.96786e-07,148,35
0.81,4,525,2.96052e-07,148,35
0.81,5,551,3.16062e-07,148,35
0.81,6,739,3.15642e-07,148,35
0.81,7,806,2.96052e-07,148,35
0.81,8,899,2.96052e-07,148,35
0.81,9,1022,2.97518e-07,148,35
0.81,10,1006,2.97518e-07,148,35
0.81,11,1026,2.97937e-07,148,35
0.81,12,1555,2.96102e-07,148,35
0.81,13,1367,3.01033e-07,148,35
0.81,14,1515,2.97203e-07,148,35
0.81,15,1401,2.96102e-07,148,35
0.81,16,1211,2.96102e-07,148,35
0.81,17,1287,2.97203e-07,148,35
0.81,18,2087,2.8212e-07,148,35
0.81,19,2680,2.63938e-07,148,35
0.81,20,2455,2.60108e-07,148,35
0.81,21,1965,2.77188e-07,148,35
0.81,22,2291,2.59007e-07,148,35
0.81,23,2432,2.60108e-07,148,35
0.81,24,2154,2.59007e-07,148,35
0.81,25,2286,2.8212e-07,148,35
0.81,26,2294,2.63938e-07,148,35
0.81,27,2277,2.63938e-07,148,35
0.81,28,1842,2.60108e-07,148,35
0.81,29,2428,2.60108e-07,148,35
0.82,1,216,3.3539e-07,150,33
0.82,2,398,3.3539e-07,150,33
0.82,3,449,3.40371e-07,150,33
0.82,4,558,3.3539e-07,150,33
0.82,5,767,3.36541e-07,150,33
0.82,6,802,3.36541e-07,150,33
0.82,7,743,3.3539e-07,150,33
0.82,8,952,3.3539e-07,150,33
0.82,9,851,3.36541e-07,150,33
0.82,10,896,3.36121e-07,150,33
0.82,11,1238,3.3544e-07,150,33
0.82,12,1506,3.3544e-07,150,33
0.82,13,1083,3.3544e-07,150,33
0.82,14,1205,3.36541e-07,150,33
0.82,15,1267,3.36541e-07,150,33
0.82,16,1163,3.3544e-07,150,33
0.82,17,2034,3.02542e-07,150,33
0.82,18,2202,2.98712e-07,150,33
0.82,19,2057,2.98712e-07,150,33
0.82,20,1789,3.16476e-07,150,33
0.82,21,1884,2.98712e-07,150,33
0.82,22,2055,2.98712e-07,150,33
0.82,23,2246,3.02542e-07,150,33
0.82,24,2228,3.16476e-07,150,33
0.82,25,2170,2.98295e-07,150,33
0.82,26,1956,3.02542e-07,150,33
0.82,27,2037,3.02542e-07,150,33
0.82,28,1854,2.98712e-07,150,33
0.82,29,2342,2.97613e-07,150,33
0.83,1,310,3.35778e-07,151,32
0.83,2,417,3.21846e-07,151,32
0.83,3,417,3.3651e-07,151,32
0.83,4,509,3.35778e-07,151,32
0.83,5,527,3.36929e-07,151,32
0.83,6,630,3.3651e-07,151,32
0.83,7,745,3.35778e-07,151,32
0.83,8,971,3.3651e-07,151,32
0.83,9,1057,3.36929e-07,151,32
0.83,10,1079,3.3651e-07,151,32
0.83,11,1203,3.36929e-07,151,32
0.83,12,1260,3.4076e-07,151,32
0.83,13,1215,3.4076e-07,151,32
0.83,14,1534,3.35828e-07,151,32
0.83,15,1489,3.4076e-07,151,32
0.83,16,1870,3.17596e-07,151,32
0.83,17,2043,3.17596e-07,151,32
0.83,18,2097,3.17596e-07,151,32
0.83,19,2137,3.18016e-07,151,32
0.83,20,2124,3.17596e-07,151,32
0.83,21,2019,3.17596e-07,151,32
0.83,22,2099,2.98733e-07,151,32
0.83,23,1761,3.21846e-07,151,32
0.83,24,2279,3.03664e-07,151,32
0.83,25,2497,3.02983e-07,151,32
0.83,26,2044,3.17596e-07,151,32
0.83,27,1762,3.02983e-07,151,32
0.83,28,1991,3.21846e-07,151,32
0.83,29,2208,3.16915e-07,151,32
0.84,1,202,3.42688e-07,153,30
0.84,2,359,3.41581e-07,153,30
0.84,3,464,3.3665e-07,153,30
0.84,4,616,3.41581e-07,153,30
0.84,5,710,3.41581e-07,153,30
0.84,6,716,3.41581e-07,153,30
0.84,7,805,3.37751e-07,153,30
0.84,8,1068,3.37332e-07,153,30
0.84,9,951,3.37332e-07,153,30
0.84,10,1168,3.3665e-07,153,30
0.84,11,1192,3.3665e-07,153,30
0.84,12,1097,3.37751e-07,153,30
0.84,13,1264,3.41581e-07,153,30
0.84,14,1432,3.41581e-07,153,30
0.84,15,1768,3.3665e-07,153,30
0.84,16,1614,3.42318e-07,153,30
0.84,17,2133,3.37751e-07,153,30
0.84,18,1641,3.42318e-07,153,30
0.84,19,1842,3.42318e-07,153,30
0.84,20,1731,3.37751e-07,153,30
0.84,21,1768,3.41581e-07,153,30
0.84,22,1732,3.41581e-07,153,30
0.84,23,1895,3.37751e-07,153,30
0.84,24,1834,3.3665e-07,153,30
0.84,25,2358,3.37751e-07,153,30
0.84,26,1809,3.43419e-07,153,30
0.84,27,2052,3.43419e-07,153,30
0.84,28,1779,3.37751e-07,153,30
0.84,29,1881,3.37751e-07,153,30
0.85,1,194,3.43559e-07,155,28
0.85,2,491,3.43559e-07,155,28
0.85,3,362,3.43559e-07,155,28
0.85,4,646,3.43559e-07,155,28
0.85,5,681,3.44241e-07,155,28
0.85,6,720,3.43559e-07,155,28
0.85,7,769,3.4314e-07,155,28
0.85,8,1002,3.3931e-07,155,28
0.85,9,781,3.43559e-07,155,28
0.85,10,1056,3.43559e-07,155,28
0.85,11,1010,3.43559e-07,155,28
0.85,12,1199,3.43559e-07,155,28
0.85,13,1250,3.43559e-07,155,28
0.85,14,1823,3.3931e-07,155,28
0.85,15,1801,3.4314e-07,155,28
0.85,16,1669,3.43559e-07,155,28
0.85,17,1785,3.3931e-07,155,28
0.85,18,1630,3.43559e-07,155,28
0.85,19,2044,3.4314e-07,155,28
0.85,20,1629,3.4314e-07,155,28
0.85,21,1577,3.3931e-07,155,28
0.85,22,1984,3.3931e-07,155,28
0.85,23,1901,3.4314e-07,155,28
0.85,24,1694,3.4314e-07,155,28
0.85,25,1799,3.43559e-07,155,28
0.85,26,1635,3.43559e-07,155,28
0.85,27,1720,3.3931e-07,155,28
0.85,28,1898,3.44241e-07,155,28
0.85,29,2099,3.43559e-07,155,28
0.86,1,282,3.81742e-07,157,26
0.86,2,455,3.81742e-07,157,26
0.86,3,439,3.81742e-07,157,26
0.86,4,586,3.81742e-07,157,26
0.86,5,628,3.63103e-07,157,26
0.86,6,651,3.81742e-07,157,26
0.86,7,695,3.63982e-07,157,26
0.86,8,686,3.63982e-07,157,26
0.86,9,977,3.81742e-07,157,26
0.86,10,1263,3.81742e-07,157,26
0.86,11,1035,3.81742e-07,157,26
0.86,12,1193,3.81742e-07,157,26
0.86,13,1805,3.63103e-07,157,26
0.86,14,1789,3.63982e-07,157,26
0.86,15,1968,3.63103e-07,157,26
0.86,16,1879,3.63982e-07,157,26
0.86,17,1673,3.63982e-07,157,26
0.86,18,1771,3.63982e-07,157,26
0.86,19,1705,3.63103e-07,157,26
0.86,20,1834,3.63982e-07,157,26
0.86,21,1798,3.63982e-07,157,26
0.86,22,1675,3.63982e-07,157,26
0.86,23,1514,3.63982e-07,157,26
0.86,24,1585,3.63103e-07,157,26
0.86,25,1677,3.63982e-07,157,26
0.86,26,1932,3.63103e-07,157,26
0.86,27,1726,3.63982e-07,157,26
0.86,28,1622,3.63982e-07,157,26
0.86,29,1764,3.63982e-07,157,26
0.87,1,234,4.19505e-07,159,24
0.87,2,369,4.19505e-07,159,24
0.87,3,598,4.19505e-07,159,24
0.87,4,622,4.00865e-07,159,24
0.87,5,561,4.19505e-07,159,24
0.87,6,740,4.01744e-07,159,24
0.87,7,984,4.01744e-07,159,24
0.87,8,981,4.19505e-07,159,24
0.87,9,933,4.19505e-07,159,24
0.87,10,1015,4.19505e-07,159,24
0.87,11,1079,4.19505e-07,159,24
0.87,12,1666,4.01744e-07,159,24
0.87,13,1721,4.01744e-07,159,24
0.87,14,1680,4.01744e-07,159,24
0.87,15,1501,4.01744e-07,159,24
0.87,16,1599,4.01744e-07,159,24
0.87,17,1770,4.01744e-07,159,24
0.87,18,1560,4.01744e-07,159,24
0.87,19,1529,4.00865e-07,159,24
0.87,20,1802,4.01744e-07,159,24
0.87,21,1602,4.01744e-07,159,24
0.87,22,1730,4.00865e-07,159,24
0.87,23,2017,4.01744e-07,159,24
0.87,24,1653,4.00865e-07,159,24
0.87,25,1470,4.01744e-07,159,24
0.87,26,1861,4.01744e-07,159,24
0.87,27,2039,4.00865e-07,159,24
0.87,28,1721,4.00865e-07,159,24
0.87,29,1720,4.00865e-07,159,24
0.88,1,257,4.57267e-07,161,22
0.88,2,378,4.39506e-07,161,22
0.88,3,324,4.57267e-07,161,22
0.88,4,487,4.38627e-07,161,22
0.88,5,591,4.57267e-07,161,22
0.88,6,839,4.57267e-07,161,22
0.88,7,716,4.57267e-07,161,22
0.88,8,947,4.57267e-07,161,22
0.88,9,802,4.57267e-07,161,22
0.88,10,993,4.57267e-07,161,22
0.88,11,1289,4.57267e-07,161,22
0.88,12,1577,4.57267e-07,161,22
0.88,13,1633,4.57267e-07,161,22
0.88,14,1409,4.57267e-07,161,22
0.88,15,1540,4.57267e-07,161,22
0.88,16,1568,4.57267e-07,161,22
0.88,17,1517,4.57267e-07,161,22
0.88,18,1537,4.57267e-07,161,22
0.88,19,1703,4.57267e-07,161,22
0.88,20,1734,4.57267e-07,161,22
0.88,21,1622,4.57267e-07,161,22
0.88,22,1502,4.57267e-07,161,22
0.88,23,1568,4.57267e-07,161,22
0.88,24,1687,4.57267e-07,161,22
0.88,25,1394,4.57267e-07,161,22
0.88,26,1464,4.57267e-07,161,22
0.88,27,1616,4.57267e-07,161,22
0.88,28,1709,4.57267e-07,161,22
0.88,29,1439,4.57267e-07,161,22
0.89,1,209,4.76568e-07,162,21
0.89,2,302,4.76568e-07,162,21
0.89,3,414,4.58387e-07,162,21
0.89,4,457,4.76568e-07,162,21
0.89,5,558,4.57508e-07,162,21
0.89,6,664,4.58387e-07,162,21
0.89,7,879,4.57508e-07,162,21
0.89,8,1256,4.57508e-07,162,21
0.89,9,766,4.58387e-07,162,21
0.89,10,887,4.58387e-07,162,21
0.89,11,1312,4.58387e-07,162,21
0.89,12,1383,4.57508e-07,162,21
0.89,13,1383,4.58387e-07,162,21
0.89,14,1440,4.57508e-07,162,21
0.89,15,1337,4.57508e-07,162,21
0.89,16,1531,4.57508e-07,162,21
0.89,17,1520,4.58387e-07,162,21
0.89,18,1504,4.58387e-07,162,21
0.89,19,1426,4.58387e-07,162,21
0.89,20,1548,4.58387e-07,162,21
0.89,21,1422,4.57508e-07,162,21
0.89,22,1547,4.57508e-07,162,21
0.89,23,1517,4.57508e-07,162,21
0.89,24,1530,4.57508e-07,162,21
0.89,25,1217,4.57508e-07,162,21
0.89,26,1581,4.57508e-07,162,21
0.89,27,1620,4.58387e-07,162,21
0.89,28,1489,4.58387e-07,162,21
0.89,29,1892,4.57508e-07,162,21
0.9,1,266,4.7793e-07,164,19
0.9,2,256,4.7793e-07,164,19
0.9,3,492,4.7793e-07,164,19
0.9,4,511,4.7793e-07,164,19
0.9,5,635,4.7793e-07,164,19
0.9,6,621,4.7793e-07,164,19
0.9,7,948,4.7793e-07,164,19
0.9,8,852,4.7793e-07,164,19
0.9,9,855,4.7793e-07,164,19
0.9,10,1314,4.7793e-07,164,19
0.9,11,1344,4.7793e-07,164,19
0.9,12,1309,4.7793e-07,164,19
0.9,13,1118,4.7793e-07,164,19
0.9,14,1692,4.7793e-07,164,19
0.9,15,1390,4.7793e-07,164,19
0.9,16,1111,4.7793e-07,164,19
0.9,17,1252,4.7793e-07,164,19
0.9,18,1296,4.7793e-07,164,19
0.9,19,1470,4.7793e-07,164,19
0.9,20,1531,4.7793e-07,164,19
0.9,21,1397,4.7793e-07,164,19
0.9,22,1353,4.7793e-07,164,19
0.9,23,1221,4.7793e-07,164,19
0.9,24,1181,4.7793e-07,164,19
0.9,25,1136,4.7793e-07,164,19
0.9,26,1571,4.7793e-07,164,19
0.9,27,1184,4.7793e-07,164,19
0.9,28,1392,4.7793e-07,164,19
0.9,29,1344,4.7793e-07,164,19
0.91,1,198,4.97243e-07,166,17
0.91,2,264,4.97243e-07,166,17
0.91,3,439,4.97243e-07,166,17
0.91,4,541,4.97243e-07,166,17
0.91,5,677,4.9725e-07,166,17
0.91,6,804,4.97243e-07,166,17
0.91,7,842,4.97243e-07,166,17
0.91,8,707,4.97243e-07,166,17
0.91,9,1086,4.9725e-07,166,17
0.91,10,1249,4.9725e-07,166,17
0.91,11,1031,4.97243e-07,166,17
0.91,12,1164,4.97243e-07,166,17
0.91,13,1258,4.97243e-07,166,17
0.91,14,1228,4.97243e-07,166,17
0.91,15,1372,4.9725e-07,166,17
0.91,16,1097,4.97243e-07,166,17
0.91,17,956,4.9725e-07,166,17
0.91,18,1240,4.97243e-07,166,17
0.91,19,1005,4.9725e-07,166,17
0.91,20,1408,4.97243e-07,166,17
0.91,21,1655,4.97243e-07,166,17
0.91,22,1168,4.97243e-07,166,17
0.91,23,1228,4.97243e-07,166,17
0.91,24,1409,4.9725e-07,166,17
0.91,25,1057,4.9725e-07,166,17
0.91,26,1127,4.9725e-07,166,17
0.91,27,1332,4.97243e-07,166,17
0.91,28,1099,4.9725e-07,166,17
0.91,29,1169,4.9725e-07,166,17
0.92,1,270,5.17074e-07,168,15
0.92,2,299,5.17074e-07,168,15
0.92,3,435,5.17074e-07,168,15
0.92,4,531,5.16984e-07,168,15
0.92,5,645,5.17074e-07,168,15
0.92,6,610,5.17074e-07,168,15
0.92,7,758,5.17074e-07,168,15
0.92,8,1096,5.16977e-07,168,15
0.92,9,921,5.16977e-07,168,15
0.92,10,1012,5.16977e-07,168,15
0.92,11,1161,5.16977e-07,168,15
0.92,12,899,5.16977e-07,168,15
0.92,13,1088,5.16977e-07,168,15
0.92,14,1020,5.16984e-07,168,15
0.92,15,921,5.16977e-07,168,15
0.92,16,1190,5.16984e-07,168,15
0.92,17,1367,5.16977e-07,168,15
0.92,18,919,5.16977e-07,168,15
0.92,19,1113,5.16977e-07,168,15
0.92,20,994,5.16984e-07,168,15
0.92,21,979,5.16977e-07,168,15
0.92,22,1184,5.16984e-07,168,15
0.92,23,1027,5.16984e-07,168,15
0.92,24,973,5.16977e-07,168,15
0.92,25,1053,5.16984e-07,168,15
0.92,26,1387,5.16977e-07,168,15
0.92,27,1365,5.16977e-07,168,15
0.92,28,1437,5.16984e-07,168,15
0.92,29,1417,5.16977e-07,168,15
0.93,1,230,5.36573e-07,170,13
0.93,2,253,5.36573e-07,170,13
0.93,3,333,5.36573e-07,170,13
0.93,4,395,5.36387e-07,170,13
0.93,5,447,5.36573e-07,170,13
0.93,6,489,5.36573e-07,170,13
0.93,7,1002,5.36387e-07,170,13
0.93,8,1032,5.36395e-07,170,13
0.93,9,909,5.36395e-07,170,13
0.93,10,1030,5.36387e-07,170,13
0.93,11,776,5.36387e-07,170,13
0.93,12,930,5.36395e-07,170,13
0.93,13,827,5.36395e-07,170,13
0.93,14,758,5.36387e-07,170,13
0.93,15,1124,5.36387e-07,170,13
0.93,16,1152,5.36395e-07,170,13
0.93,17,810,5.36395e-07,170,13
0.93,18,947,5.36387e-07,170,13
0.93,19,936,5.36387e-07,170,13
0.93,20,1124,5.36387e-07,170,13
0.93,21,668,5.36395e-07,170,13
0.93,22,742,5.36387e-07,170,13
0.93,23,719,5.36395e-07,170,13
0.93,24,745,5.36387e-07,170,13
0.93,25,876,5.36387e-07,170,13
0.93,26,757,5.36395e-07,170,13
0.93,27,800,5.36395e-07,170,13
0.93,28,1009,5.36387e-07,170,13
0.93,29,1101,5.36395e-07,170,13
0.94,1,252,5.37632e-07,172,11
0.94,2,343,5.37632e-07,172,11
0.94,3,347,5.37542e-07,172,11
0.94,4,470,5.37632e-07,172,11
0.94,5,424,5.37632e-07,172,11
0.94,6,754,5.37535e-07,172,11
0.94,7,820,5.37535e-07,172,11
0.94,8,828,5.37542e-07,172,11
0.94,9,798,5.37535e-07,172,11
0.94,10,674,5.37542e-07,172,11
0.94,11,697,5.37542e-07,172,11
0.94,12,843,5.37542e-07,172,11
0.94,13,812,5.37535e-07,172,11
0.94,14,693,5.37535e-07,172,11
0.94,15,720,5.37535e-07,172,11
0.94,16,843,5.37535e-07,172,11
0.94,17,787,5.37535e-07,172,11
0.94,18,640,5.37535e-07,172,11
0.94,19,780,5.37542e-07,172,11
0.94,20,756,5.37542e-07,172,11
0.94,21,958,5.37535e-07,172,11
0.94,22,866,5.37542e-07,172,11
0.94,23,872,5.37542e-07,172,11
0.94,24,820,5.37535e-07,172,11
0.94,25,796,5.37542e-07,172,11
0.94,26,755,5.37535e-07,172,11
0.94,27,969,5.37535e-07,172,11
0.94,28,828,5.37535e-07,172,11
0.94,29,771,5.37535e-07,172,11
0.95,1,156,5.38071e-07,173,10
0.95,2,375,5.38071e-07,173,10
0.95,3,358,5.38071e-07,173,10
0.95,4,387,5.38071e-07,173,10
0.95,5,731,5.38071e-07,173,10
0.95,6,760,5.38071e-07,173,10
0.95,7,548,5.38071e-07,173,10
0.95,8,764,5.38071e-07,173,10
0.95,9,747,5.38071e-07,173,10
0.95,10,801,5.38071e-07,173,10
0.95,11,674,5.38071e-07,173,10
0.95,12,805,5.38071e-07,173,10
0.95,13,648,5.38071e-07,173,10
0.95,14,696,5.38071e-07,173,10
0.95,15,693,5.38071e-07,173,10
0.95,16,794,5.38071e-07,173,10
0.95,17,545,5.38071e-07,173,10
0.95,18,701,5.38071e-07,173,10
0.95,19,667,5.38071e-07,173,10
0.95,20,541,5.38071e-07,173,10
0.95,21,545,5.38071e-07,173,10
0.95,22,631,5.38071e-07,173,10
0.95,23,657,5.38071e-07,173,10
0.95,24,700,5.38071e-07,173,10
0.95,25,951,5.38071e-07,173,10
0.95,26,773,5.38071e-07,173,10
0.95,27,758,5.38071e-07,173,10
0.95,28,639,5.38071e-07,173,10
0.95,29,767,5.38071e-07,173,10
0.96,1,243,5.38942e-07,175,8
0.96,2,288,5.38942e-07,175,8
0.96,3,396,5.38942e-07,175,8
0.96,4,415,5.38942e-07,175,8
0.96,5,514,5.38942e-07,175,8
0.96,6,542,5.38942e-07,175,8
0.96,7,525,5.38942e-07,175,8
0.96,8,472,5.38942e-07,175,8
0.96,9,563,5.38942e-07,175,8
0.96,10,542,5.38942e-07,175,8
0.96,11,604,5.38942e-07,175,8
0.96,12,535,5.38942e-07,175,8
0.96,13,600,5.38942e-07,175,8
0.96,14,610,5.38942e-07,175,8
0.96,15,784,5.38942e-07,175,8
0.96,16,592,5.38942e-07,175,8
0.96,17,747,5.38942e-07,175,8
0.96,18,569,5.38942e-07,175,8
0.96,19,658,5.38942e-07,175,8
0.96,20,628,5.38942e-07,175,8
0.96,21,495,5.38942e-07,175,8
0.96,22,750,5.38942e-07,175,8
0.96,23,614,5.38942e-07,175,8
0.96,24,593,5.38942e-07,175,8
0.96,25,534,5.38942e-07,175,8
0.96,26,511,5.38942e-07,175,8
0.96,27,550,5.38942e-07,175,8
0.96,28,502,5.38942e-07,175,8
0.96,29,472,5.38942e-07,175,8
0.97,1,195,5.40627e-07,177,6
0.97,2,255,5.40627e-07,177,6
0.97,3,382,5.40627e-07,177,6
0.97,4,361,5.40627e-07,177,6
0.97,5,425,5.40627e-07,177,6
0.97,6,389,5.40627e-07,177,6
0.97,7,414,5.40627e-07,177,6
0.97,8,324,5.40627e-07,177,6
0.97,9,382,5.40627e-07,177,6
0.97,10,386,5.40627e-07,177,6
0.97,11,342,5.40627e-07,177,6
0.97,12,369,5.40627e-07,177,6
0.97,13,375,5.40627e-07,177,6
0.97,14,395,5.40627e-07,177,6
0.97,15,447,5.40627e-07,177,6
0.97,16,367,5.40627e-07,177,6
0.97,17,419,5.40627e-07,177,6
0.97,18,328,5.40627e-07,177,6
0.97,19,348,5.40627e-07,177,6
0.97,20,301,5.40627e-07,177,6
0.97,21,453,5.40627e-07,177,6
0.97,22,388,5.40627e-07,177,6
0.97,23,415,5.40627e-07,177,6
0.97,24,404,5.40627e-07,177,6
0.97,25,413,5.40627e-07,177,6
0.97,26,398,5.40627e-07,177,6
0.97,27,382,5.40627e-07,177,6
0.97,28,462,5.40627e-07,177,6
0.97,29,511,5.40627e-07,177,6
0.98,1,246,5.41683e-07,179,4
0.98,2,311,5.41683e-07,179,4
0.98,3,283,5.41683e-07,179,4
0.98,4,324,5.41683e-07,179,4
0.98,5,311,5.41683e-07,179,4
0.98,6,288,5.41683e-07,179,4
0.98,7,262,5.41683e-07,179,4
0.98,8,282,5.41683e-07,179,4
0.98,9,238,5.41683e-07,179,4
0.98,10,271,5.41683e-07,179,4
0.98,11,230,5.41683e-07,179,4
0.98,12,297,5.41683e-07,179,4
0.98,13,321,5.41683e-07,179,4
0.98,14,272,5.41683e-07,179,4
0.98,15,280,5.41683e-07,179,4
0.98,16,248,5.41683e-07,179,4
0.98,17,403,5.41683e-07,179,4
0.98,18,365,5.41683e-07,179,4
0.98,19,292,5.41683e-07,179,4
0.98,20,274,5.41683e-07,179,4
0.98,21,271,5.41683e-07,179,4
0.98,22,282,5.41683e-07,179,4
0.98,23,277,5.41683e-07,179,4
0.98,24,304,5.41683e-07,179,4
0.98,25,218,5.41683e-07,179,4
0.98,26,294,5.41683e-07,179,4
0.98,27,281,5.41683e-07,179,4
0.98,28,292,5.41683e-07,179,4
0.98,29,276,5.41683e-07,179,4
0.99,1,125,5.45036e-07,181,2
0.99,2,122,5.45036e-07,181,2
0.99,3,99,5.45036e-07,181,2
0.99,4,85,5.45036e-07,181,2
0.99,5,108,5.45036e-07,181,2
0.99,6,127,5.45036e-07,181,2
0.99,7,181,5.45036e-07,181,2
0.99,8,93,5.45036e-07,181,2
0.99,9,100,5.45036e-07,181,2
0.99,10,97,5.45036e-07,181,2
0.99,11,101,5.45036e-07,181,2
0.99,12,129,5.45036e-07,181,2
0.99,13,102,5.45036e-07,181,2
0.99,14,78,5.45036e-07,181,2
0.99,15,113,5.45036e-07,181,2
0.99,16,125,5.45036e-07,181,2
0.99,17,137,5.45036e-07,181,2
0.99,18,133,5.45036e-07,181,2
0.99,19,169,5.45036e-07,181,2
0.99,20,164,5.45036e-07,181,2
0.99,21,114,5.45036e-07,181,2
0.99,22,94,5.45036e-07,181,2
0.99,23,114,5.45036e-07,181,2
0.99,24,122,5.45036e-07,181,2
0.99,25,114,5.45036e-07,181,2
0.99,26,115,5.45036e-07,181,2
0.99,27,106,5.45036e-07,181,2
0.99,28,156,5.45036e-07,181,2
0.99,29,89,5.45036e-07,181,2
